label,Link,reported_Subscribers,table_number,display_name,https_Link,id,name,subscribers
League of Legends,/r/leagueoflegends,699793,0,leagueoflegends,https://reddit.com/r/leagueoflegends,2rfxx,t5_2rfxx,3251138.0
Pokémon,/r/pokemon,444468,0,pokemon,https://reddit.com/r/pokemon,2qmeb,t5_2qmeb,1721593.0
Minecraft,/r/Minecraft,440180,0,Minecraft,https://reddit.com/r/Minecraft,2r05i,t5_2r05i,1603649.0
The Elder Scrolls V: Skyrim,/r/skyrim,298865,0,skyrim,https://reddit.com/r/skyrim,2s837,t5_2s837,682001.0
Hearthstone: Heroes of Warcraft,/r/hearthstone,253622,0,hearthstone,https://reddit.com/r/hearthstone,2w31t,t5_2w31t,1071826.0
Counter-Strike: Global Offensive,/r/GlobalOffensive,235840,0,GlobalOffensive,https://reddit.com/r/GlobalOffensive,2sqho,t5_2sqho,892023.0
World of Warcraft,/r/wow,230896,0,wow,https://reddit.com/r/wow,2qio8,t5_2qio8,1106884.0
Dota 2,/r/DotA2,228501,0,DotA2,https://reddit.com/r/DotA2,2s580,t5_2s580,572860.0
Fallout,/r/Fallout,208441,0,Fallout,https://reddit.com/r/Fallout,2qnzu,t5_2qnzu,597143.0
Destiny,/r/DestinyTheGame,180978,0,DestinyTheGame,https://reddit.com/r/DestinyTheGame,2vq0w,t5_2vq0w,1019063.0
Starcraft,/r/starcraft,174899,0,starcraft,https://reddit.com/r/starcraft,2qpp6,t5_2qpp6,235229.0
Super Smash Bros.,/r/smashbros,173967,0,smashbros,https://reddit.com/r/smashbros,2qiep,t5_2qiep,673590.0
Grand Theft Auto V,/r/GrandTheftAutoV,162843,0,GrandTheftAutoV,https://reddit.com/r/GrandTheftAutoV,2t0xk,t5_2t0xk,216891.0
Team Fortress 2,/r/tf2,146551,0,tf2,https://reddit.com/r/tf2,2qka0,t5_2qka0,283825.0
The Legend of Zelda,/r/zelda,134008,0,zelda,https://reddit.com/r/zelda,2r61g,t5_2r61g,922596.0
Diablo,/r/Diablo,126193,0,Diablo,https://reddit.com/r/Diablo,2qore,t5_2qore,218592.0
Civilization,/r/civ,123501,0,civ,https://reddit.com/r/civ,2rk3b,t5_2rk3b,293425.0
Guild Wars 2,/r/Guildwars2,118169,0,Guildwars2,https://reddit.com/r/Guildwars2,2r9po,t5_2r9po,212547.0
DayZ,/r/dayz,114271,0,dayz,https://reddit.com/r/dayz,2ty3s,t5_2ty3s,136692.0
Kerbal Space Program,/r/KerbalSpaceProgram,113079,0,KerbalSpaceProgram,https://reddit.com/r/KerbalSpaceProgram,2smr1,t5_2smr1,584706.0
Halo,/r/halo,108892,0,halo,https://reddit.com/r/halo,2qixk,t5_2qixk,285318.0
Cities: Skylines,/r/CitiesSkylines,92160,0,CitiesSkylines,https://reddit.com/r/CitiesSkylines,331rj,t5_331rj,231620.0
Heroes of the Storm,/r/heroesofthestorm,91074,0,heroesofthestorm,https://reddit.com/r/heroesofthestorm,2ym13,t5_2ym13,207651.0
Battlefield 4,/r/battlefield_4,83278,0,battlefield_4,https://reddit.com/r/battlefield_4,2uie9,t5_2uie9,102726.0
Mass Effect,/r/masseffect,82748,0,masseffect,https://reddit.com/r/masseffect,2rc19,t5_2rc19,178515.0
Dark Souls,/r/darksouls,74580,0,darksouls,https://reddit.com/r/darksouls,2sazo,t5_2sazo,230118.0
Clash of Clans,/r/ClashOfClans,71603,0,ClashOfClans,https://reddit.com/r/ClashOfClans,2usfk,t5_2usfk,185260.0
Final Fantasy XIV,/r/ffxiv,69970,0,ffxiv,https://reddit.com/r/ffxiv,2rgs7,t5_2rgs7,282448.0
Dark Souls II,/r/DarkSouls2,67958,0,DarkSouls2,https://reddit.com/r/DarkSouls2,2vqni,t5_2vqni,114389.0
Borderlands (Self),/r/Borderlands,62825,0,Borderlands,https://reddit.com/r/Borderlands,2r8cd,t5_2r8cd,207073.0
SMITE,/r/Smite,56093,0,Smite,https://reddit.com/r/Smite,2stl8,t5_2stl8,153759.0
Binding of Isaac,/r/bindingofisaac,54724,0,bindingofisaac,https://reddit.com/r/bindingofisaac,2sxpk,t5_2sxpk,133331.0
The Elder Scrolls Online,/r/elderscrollsonline,54617,0,elderscrollsonline,https://reddit.com/r/elderscrollsonline,2tqi0,t5_2tqi0,220309.0
Terraria,/r/Terraria,54504,0,Terraria,https://reddit.com/r/Terraria,2sg5b,t5_2sg5b,237732.0
Starbound,/r/starbound,53368,0,starbound,https://reddit.com/r/starbound,2tkp6,t5_2tkp6,87037.0
Battlefield 3,/r/battlefield3,53162,0,battlefield3,https://reddit.com/r/battlefield3,2rlua,t5_2rlua,43146.0
Eve Online,/r/Eve,52504,0,Eve,https://reddit.com/r/Eve,2qil9,t5_2qil9,117645.0
Dragon Age,/r/dragonage,52426,0,dragonage,https://reddit.com/r/dragonage,2r8lo,t5_2r8lo,106651.0
Star Citizen,/r/starcitizen,51662,0,starcitizen,https://reddit.com/r/starcitizen,2v94d,t5_2v94d,159735.0
RuneScape,/r/runescape,48619,0,runescape,https://reddit.com/r/runescape,2qwxl,t5_2qwxl,184916.0
Path of Exile,/r/pathofexile,48240,0,pathofexile,https://reddit.com/r/pathofexile,2sf6m,t5_2sf6m,273308.0
Animal Crossing,/r/AnimalCrossing,47820,0,AnimalCrossing,https://reddit.com/r/AnimalCrossing,2ro2c,t5_2ro2c,228029.0
FIFA,/r/FIFA,46762,0,FIFA,https://reddit.com/r/FIFA,2qxh7,t5_2qxh7,243245.0
Monster Hunter,/r/MonsterHunter,45771,0,MonsterHunter,https://reddit.com/r/MonsterHunter,2rron,t5_2rron,296582.0
Final Fantasy,/r/FinalFantasy,44278,0,FinalFantasy,https://reddit.com/r/FinalFantasy,2qhdi,t5_2qhdi,154451.0
Assassin's Creed,/r/assassinscreed,43893,0,assassinscreed,https://reddit.com/r/assassinscreed,2s6v6,t5_2s6v6,193854.0
Star Wars: The Old Republic,/r/swtor,43744,0,swtor,https://reddit.com/r/swtor,2qxih,t5_2qxih,97873.0
Elite: Dangerous,/r/EliteDangerous,42791,0,EliteDangerous,https://reddit.com/r/EliteDangerous,2vi60,t5_2vi60,167843.0
Borderlands (Self+Links),/r/Borderlands2,40761,0,Borderlands2,https://reddit.com/r/Borderlands2,2spu9,t5_2spu9,132234.0
The Sims,/r/thesims,40685,0,thesims,https://reddit.com/r/thesims,2rbdu,t5_2rbdu,178004.0
BioShock,/r/Bioshock,40076,0,Bioshock,https://reddit.com/r/Bioshock,2shl2,t5_2shl2,75973.0
Dwarf Fortress,/r/dwarffortress,39517,0,dwarffortress,https://reddit.com/r/dwarffortress,2qyn1,t5_2qyn1,87189.0
Planetside,/r/Planetside,37105,0,Planetside,https://reddit.com/r/Planetside,2s48x,t5_2s48x,54184.0
Total War,/r/totalwar,36248,0,totalwar,https://reddit.com/r/totalwar,2rq9c,t5_2rq9c,176810.0
Grand Theft Auto,/r/GTA,35753,0,GTA,https://reddit.com/r/GTA,2ra77,t5_2ra77,66554.0
Payday: The Heist,/r/paydaytheheist,34651,0,paydaytheheist,https://reddit.com/r/paydaytheheist,2t0hx,t5_2t0hx,69518.0
Metal Gear Solid,/r/metalgearsolid,34286,0,metalgearsolid,https://reddit.com/r/metalgearsolid,2s4hr,t5_2s4hr,137378.0
Portal,/r/Portal,32269,0,Portal,https://reddit.com/r/Portal,2qzze,t5_2qzze,55384.0
Titanfall,/r/titanfall,31584,0,titanfall,https://reddit.com/r/titanfall,2xh0g,t5_2xh0g,142603.0
Crusader Kings,/r/CrusaderKings,30704,0,CrusaderKings,https://reddit.com/r/CrusaderKings,2tgic,t5_2tgic,143975.0
War Thunder,/r/Warthunder,29403,0,Warthunder,https://reddit.com/r/Warthunder,2uc6j,t5_2uc6j,106872.0
Warframe,/r/Warframe,28975,0,Warframe,https://reddit.com/r/Warframe,2urg0,t5_2urg0,346312.0
WildStar,/r/WildStar,28861,0,WildStar,https://reddit.com/r/WildStar,2sqwc,t5_2sqwc,25852.0
Battlefield,/r/Battlefield,27025,0,Battlefield,https://reddit.com/r/Battlefield,2rdgw,t5_2rdgw,190857.0
Kingdom Hearts,/r/KingdomHearts,26122,0,KingdomHearts,https://reddit.com/r/KingdomHearts,2s3jo,t5_2s3jo,164313.0
SimCity,/r/SimCity,26009,0,SimCity,https://reddit.com/r/SimCity,2ryr3,t5_2ryr3,24850.0
FTL: Faster Than Light,/r/ftlgame,25560,0,ftlgame,https://reddit.com/r/ftlgame,2tnu1,t5_2tnu1,45396.0
Europa Universalis IV,/r/eu4,25281,0,eu4,https://reddit.com/r/eu4,2uqat,t5_2uqat,152441.0
Rust,/r/playrust,24679,0,playrust,https://reddit.com/r/playrust,2xks2,t5_2xks2,139984.0
World of Tanks,/r/WorldofTanks,24083,0,WorldofTanks,https://reddit.com/r/WorldofTanks,2s113,t5_2s113,64099.0
Mortal Kombat,/r/MortalKombat,23436,0,MortalKombat,https://reddit.com/r/MortalKombat,2robf,t5_2robf,144710.0
Fire Emblem,/r/fireemblem,21324,0,fireemblem,https://reddit.com/r/fireemblem,2t0cn,t5_2t0cn,140217.0
Mount & Blade,/r/mountandblade,20807,0,mountandblade,https://reddit.com/r/mountandblade,2qzpd,t5_2qzpd,94003.0
Half-Life,/r/HalfLife,20714,0,HalfLife,https://reddit.com/r/HalfLife,2rgym,t5_2rgym,67784.0
X-COM,/r/Xcom,20699,0,Xcom,https://reddit.com/r/Xcom,2si6x,t5_2si6x,73504.0
The Last of Us,/r/thelastofus,20234,0,thelastofus,https://reddit.com/r/thelastofus,2t7gp,t5_2t7gp,70084.0
Call of Duty: Black Ops II,/r/blackops2,20073,0,blackops2,https://reddit.com/r/blackops2,2sqqn,t5_2sqqn,16888.0
Besiege,/r/Besiege,19593,0,Besiege,https://reddit.com/r/Besiege,35zhe,t5_35zhe,18922.0
Star Wars: Battlefront,/r/StarWarsBattlefront,19440,0,StarWarsBattlefront,https://reddit.com/r/StarWarsBattlefront,2u9wz,t5_2u9wz,189725.0
ArcheAge,/r/archeage,19237,0,archeage,https://reddit.com/r/archeage,2sf59,t5_2sf59,22165.0
The Elder Scrolls IV: Oblivion,/r/oblivion,19146,0,oblivion,https://reddit.com/r/oblivion,2qs10,t5_2qs10,66263.0
Fallout: New Vegas,/r/fnv,17884,0,fnv,https://reddit.com/r/fnv,2rzr5,t5_2rzr5,62521.0
Prison Architect,/r/prisonarchitect,17776,0,prisonarchitect,https://reddit.com/r/prisonarchitect,2tk55,t5_2tk55,40925.0
Don't Starve,/r/dontstarve,17547,0,dontstarve,https://reddit.com/r/dontstarve,2v1jr,t5_2v1jr,49100.0
NBA 2K,/r/NBA2k,17392,0,NBA2k,https://reddit.com/r/NBA2k,2s84e,t5_2s84e,187311.0
Tera Online,/r/TeraOnline,17295,0,TeraOnline,https://reddit.com/r/TeraOnline,2s527,t5_2s527,31404.0
The Elder Scrolls III: Morrowind,/r/Morrowind,16631,0,Morrowind,https://reddit.com/r/Morrowind,2r9nv,t5_2r9nv,49425.0
Splatoon,/r/splatoon,15966,0,splatoon,https://reddit.com/r/splatoon,324q4,t5_324q4,179659.0
Project Eternity,/r/projecteternity,15258,0,projecteternity,https://reddit.com/r/projecteternity,2v1qz,t5_2v1qz,36914.0
The Simpsons: Tapped Out,/r/tappedout,15030,0,tappedout,https://reddit.com/r/tappedout,2v7cj,t5_2v7cj,27216.0
Cube World,/r/CubeWorld,14310,0,CubeWorld,https://reddit.com/r/CubeWorld,2t4bs,t5_2t4bs,28802.0
Watch Dogs,/r/watch_dogs,14052,0,watch_dogs,https://reddit.com/r/watch_dogs,2u884,t5_2u884,41791.0
RollerCoaster Tycoon,/r/rct,13817,0,rct,https://reddit.com/r/rct,2rzsl,t5_2rzsl,39993.0
Killing Floor,/r/killingfloor,13812,0,killingfloor,https://reddit.com/r/killingfloor,2rf65,t5_2rf65,41723.0
Street Fighter 4,/r/SF4,13582,0,SF4,https://reddit.com/r/SF4,2r4cj,t5_2r4cj,10044.0
Age of Empires II,/r/aoe2,13283,0,aoe2,https://reddit.com/r/aoe2,2sg7u,t5_2sg7u,54929.0
Journey to the Center of Hawkthorne,/r/hawkthorne,13154,0,hawkthorne,https://reddit.com/r/hawkthorne,2u5zi,t5_2u5zi,12067.0
osu!,/r/osugame,13087,0,osugame,https://reddit.com/r/osugame,2s3lm,t5_2s3lm,112278.0
Puzzle & Dragons,/r/PuzzleAndDragons,12925,0,PuzzleAndDragons,https://reddit.com/r/PuzzleAndDragons,2w23a,t5_2w23a,37317.0
Megami Tensei,/r/Megaten,12078,0,Megaten,https://reddit.com/r/Megaten,2sj8i,t5_2sj8i,38215.0
Marvel Heroes,/r/marvelheroes,12058,0,marvelheroes,https://reddit.com/r/marvelheroes,2uhpg,t5_2uhpg,22450.0
Madden NFL,/r/Madden,11989,0,Madden,https://reddit.com/r/Madden,2rjpr,t5_2rjpr,63001.0
Forza Motorsport,/r/forza,11970,0,forza,https://reddit.com/r/forza,2rzao,t5_2rzao,108628.0
Torchlight,/r/Torchlight,11877,0,Torchlight,https://reddit.com/r/Torchlight,2rb10,t5_2rb10,12897.0
Pokémon ROM Hacks,/r/PokemonROMhacks,11617,0,PokemonROMhacks,https://reddit.com/r/PokemonROMhacks,2t5aw,t5_2t5aw,47299.0
TagPro,/r/TagPro,11376,0,TagPro,https://reddit.com/r/TagPro,2w7hh,t5_2w7hh,11673.0
Katawa Shoujo,/r/katawashoujo,11214,0,katawashoujo,https://reddit.com/r/katawashoujo,2tb50,t5_2tb50,21680.0
Far Cry,/r/farcry,11123,0,farcry,https://reddit.com/r/farcry,2st42,t5_2st42,88715.0
Evolve,/r/EvolveGame,11051,0,EvolveGame,https://reddit.com/r/EvolveGame,2zo6k,t5_2zo6k,9172.0
Neopets,/r/neopets,10958,0,neopets,https://reddit.com/r/neopets,2r64t,t5_2r64t,35999.0
Tribes,/r/Tribes,10814,0,Tribes,https://reddit.com/r/Tribes,2rdsl,t5_2rdsl,11052.0
MapleStory,/r/Maplestory,10811,0,Maplestory,https://reddit.com/r/Maplestory,2rrdo,t5_2rrdo,52851.0
Neverwinter,/r/Neverwinter,10771,0,Neverwinter,https://reddit.com/r/Neverwinter,2sn0p,t5_2sn0p,32200.0
Heroes of Newerth,/r/HeroesofNewerth,10734,0,HeroesofNewerth,https://reddit.com/r/HeroesofNewerth,2r497,t5_2r497,10732.0
Fallout Lore,/r/falloutlore,10681,0,falloutlore,https://reddit.com/r/falloutlore,2udux,t5_2udux,78325.0
Project Zomboid,/r/projectzomboid,10415,0,projectzomboid,https://reddit.com/r/projectzomboid,2sdk8,t5_2sdk8,22717.0
Garry's Mod,/r/gmod,10233,0,gmod,https://reddit.com/r/gmod,2r1m6,t5_2r1m6,37149.0
Call of Duty: Ghosts,/r/CODGhosts,10146,0,CODGhosts,https://reddit.com/r/CODGhosts,2wp1x,t5_2wp1x,7216.0
Street Fighter,/r/StreetFighter,9645,0,StreetFighter,https://reddit.com/r/StreetFighter,2qnu5,t5_2qnu5,89681.0
Rift,/r/Rift,9447,0,Rift,https://reddit.com/r/Rift,2s4an,t5_2s4an,8974.0
Call of Duty: Modern Warfare 3,/r/mw3,9365,0,mw3,https://reddit.com/r/mw3,2rp9s,t5_2rp9s,8644.0
EverQuest Next,/r/EQNext,9317,0,EQNext,https://reddit.com/r/EQNext,2saln,t5_2saln,5145.0
Insurgency,/r/insurgency,9231,0,insurgency,https://reddit.com/r/insurgency,2s4cy,t5_2s4cy,41036.0
EA Sports NHL,/r/EA_NHL,9056,0,EA_NHL,https://reddit.com/r/EA_NHL,2ry2z,t5_2ry2z,27348.0
Mario Kart,/r/mariokart,8908,0,mariokart,https://reddit.com/r/mariokart,2s9ql,t5_2s9ql,46358.0
Chivalry: Medieval Warfare,/r/ChivalryGame,8683,0,ChivalryGame,https://reddit.com/r/ChivalryGame,2vb9k,t5_2vb9k,9882.0
Dishonored,/r/dishonored,8623,0,dishonored,https://reddit.com/r/dishonored,2sn3m,t5_2sn3m,42465.0
EarthBound/Mother,/r/earthbound,8386,0,earthbound,https://reddit.com/r/earthbound,2rkbz,t5_2rkbz,35207.0
Minecraft: Xbox 360 Edition,/r/Minecraft360,8318,0,Minecraft360,https://reddit.com/r/Minecraft360,2tjtf,t5_2tjtf,7477.0
Deus Ex,/r/Deusex,8283,0,Deusex,https://reddit.com/r/Deusex,2r0qr,t5_2r0qr,25168.0
Silent Hill,/r/silenthill,7832,0,silenthill,https://reddit.com/r/silenthill,2rrim,t5_2rrim,26449.0
Star Wars: Knights of the Old Republic,/r/kotor,7643,0,kotor,https://reddit.com/r/kotor,2ssrb,t5_2ssrb,40861.0
Skullgirls,/r/Skullgirls,7609,0,Skullgirls,https://reddit.com/r/Skullgirls,2t2fz,t5_2t2fz,19407.0
Call of Duty Zombies,/r/CODZombies,7532,0,CODZombies,https://reddit.com/r/CODZombies,2sal9,t5_2sal9,180154.0
Mass Effect Co-op,/r/MECoOp,7291,0,MECoOp,https://reddit.com/r/MECoOp,2tkk1,t5_2tkk1,16700.0
Star Trek Online,/r/sto,7263,0,sto,https://reddit.com/r/sto,2rfq3,t5_2rfq3,25285.0
S.T.A.L.K.E.R.,/r/stalker,7260,0,stalker,https://reddit.com/r/stalker,2r74m,t5_2r74m,32640.0
Resident Evil,/r/residentevil,7239,0,residentevil,https://reddit.com/r/residentevil,2s0lb,t5_2s0lb,88501.0
The Division,/r/thedivision,7226,0,thedivision,https://reddit.com/r/thedivision,2xiqd,t5_2xiqd,296962.0
7 Days to Die,/r/7daystodie,7180,0,7daystodie,https://reddit.com/r/7daystodie,2xdtu,t5_2xdtu,51786.0
Planetary Annihilation,/r/planetaryannihilation,7147,0,planetaryannihilation,https://reddit.com/r/planetaryannihilation,2uqs0,t5_2uqs0,7025.0
Touhou,/r/touhou,7125,0,touhou,https://reddit.com/r/touhou,2qvi5,t5_2qvi5,36364.0
Battlefield: Bad Company 2,/r/badcompany2,6901,0,badcompany2,https://reddit.com/r/badcompany2,2rgyt,t5_2rgyt,6897.0
Marvel vs. Capcom 3,/r/MvC3,6827,0,MvC3,https://reddit.com/r/MvC3,2s01r,t5_2s01r,10184.0
Gears of War,/r/GearsOfWar,6738,0,GearsOfWar,https://reddit.com/r/GearsOfWar,2ruzg,t5_2ruzg,42366.0
Awesomenauts,/r/Awesomenauts,6666,0,Awesomenauts,https://reddit.com/r/Awesomenauts,2tvrv,t5_2tvrv,7303.0
Saints Row,/r/SaintsRow,6562,0,SaintsRow,https://reddit.com/r/SaintsRow,2sjuw,t5_2sjuw,11441.0
Demon's Souls,/r/demonssouls,6538,0,demonssouls,https://reddit.com/r/demonssouls,2re9h,t5_2re9h,20374.0
Red Dead Redemption,/r/reddeadredemption,6483,0,reddeadredemption,https://reddit.com/r/reddeadredemption,2rn7o,t5_2rn7o,495031.0
RimWorld,/r/RimWorld,6477,0,RimWorld,https://reddit.com/r/RimWorld,2yjxo,t5_2yjxo,160590.0
Mega Man,/r/Megaman,6415,0,Megaman,https://reddit.com/r/Megaman,2rq0l,t5_2rq0l,22310.0
Fallout 3,/r/fo3,6274,0,fo3,https://reddit.com/r/fo3,2tu0k,t5_2tu0k,14320.0
Realm of the Mad God,/r/RotMG,5988,0,RotMG,https://reddit.com/r/RotMG,2s505,t5_2s505,38698.0
The Lord of the Rings Online,/r/lotro,5934,0,lotro,https://reddit.com/r/lotro,2rfus,t5_2rfus,25051.0
Baldur's Gate,/r/baldursgate,5777,0,baldursgate,https://reddit.com/r/baldursgate,2t07j,t5_2t07j,18895.0
Black Desert Online,/r/blackdesertonline,5768,0,blackdesertonline,https://reddit.com/r/blackdesertonline,2w6ir,t5_2w6ir,115661.0
Left 4 Dead 2,/r/l4d2,5744,0,l4d2,https://reddit.com/r/l4d2,2qzox,t5_2qzox,12602.0
Phantasy Star Online 2,/r/PSO2,5676,0,PSO2,https://reddit.com/r/PSO2,2sjei,t5_2sjei,12927.0
Factorio,/r/factorio,5589,0,factorio,https://reddit.com/r/factorio,2wabp,t5_2wabp,148659.0
Company of Heroes,/r/CompanyOfHeroes,5547,0,CompanyOfHeroes,https://reddit.com/r/CompanyOfHeroes,2rn3p,t5_2rn3p,15852.0
Red Orchestra 2,/r/redorchestra,5547,0,redorchestra,https://reddit.com/r/redorchestra,2rr0a,t5_2rr0a,10089.0
Wargame,/r/wargame,5521,0,wargame,https://reddit.com/r/wargame,2tlh1,t5_2tlh1,27881.0
Harvest Moon,/r/harvestmoon,5519,0,harvestmoon,https://reddit.com/r/harvestmoon,2s3kr,t5_2s3kr,15718.0
Natural Selection 2,/r/ns2,5498,0,ns2,https://reddit.com/r/ns2,2rfpj,t5_2rfpj,5113.0
Scrolls,/r/Scrolls,5487,0,Scrolls,https://reddit.com/r/Scrolls,2scq0,t5_2scq0,3507.0
MLB: The Show,/r/MLBTheShow,5441,0,MLBTheShow,https://reddit.com/r/MLBTheShow,2tjde,t5_2tjde,50978.0
The Last of Us: Factions,/r/thelastofusfactions,5427,0,thelastofusfactions,https://reddit.com/r/thelastofusfactions,2xkws,t5_2xkws,8856.0
Dead Space,/r/DeadSpace,5403,0,DeadSpace,https://reddit.com/r/DeadSpace,2r5qf,t5_2r5qf,11087.0
Spelunky,/r/spelunky,5311,0,spelunky,https://reddit.com/r/spelunky,2sk9c,t5_2sk9c,9558.0
The Secret World,/r/TheSecretWorld,5305,0,TheSecretWorld,https://reddit.com/r/TheSecretWorld,2s6lr,t5_2s6lr,6980.0
OpenTTD,/r/openttd,5051,0,openttd,https://reddit.com/r/openttd,2royw,t5_2royw,16366.0
Firefall,/r/firefall,5007,0,firefall,https://reddit.com/r/firefall,2s629,t5_2s629,3490.0
MechWarrior Online,/r/mwo,4941,0,mwo,https://reddit.com/r/mwo,2t1w0,t5_2t1w0,9600.0
Ace Attorney,/r/AceAttorney,4893,0,AceAttorney,https://reddit.com/r/AceAttorney,2so0n,t5_2so0n,31742.0
DCS: A-10C Warthog,/r/hoggit,4829,0,hoggit,https://reddit.com/r/hoggit,2tifv,t5_2tifv,28288.0
Life Is Strange,/r/lifeisstrange,4806,0,lifeisstrange,https://reddit.com/r/lifeisstrange,32tf7,t5_32tf7,66073.0
Batman: Arkham,/r/BatmanArkham,4662,0,BatmanArkham,https://reddit.com/r/BatmanArkham,2y9q4,t5_2y9q4,53953.0
Overgrowth,/r/Overgrowth,4633,0,Overgrowth,https://reddit.com/r/Overgrowth,2sggk,t5_2sggk,4716.0
Defiance,/r/Defiance,4625,0,Defiance,https://reddit.com/r/Defiance,2siko,t5_2siko,4986.0
BioShock Infinite,/r/BioshockInfinite,4590,0,BioshockInfinite,https://reddit.com/r/BioshockInfinite,2t188,t5_2t188,7655.0
Tropico,/r/tropico,4503,0,tropico,https://reddit.com/r/tropico,2sms0,t5_2sms0,11069.0
Quake Live,/r/QuakeLive,4418,0,QuakeLive,https://reddit.com/r/QuakeLive,2r5dy,t5_2r5dy,5919.0
Sonic the Hedgehog,/r/SonicTheHedgehog,4289,0,SonicTheHedgehog,https://reddit.com/r/SonicTheHedgehog,2rh21,t5_2rh21,46171.0
Tales,/r/tales,4241,0,tales,https://reddit.com/r/tales,2t9fb,t5_2t9fb,24527.0
Age of Mythology,/r/AgeofMythology,4216,0,AgeofMythology,https://reddit.com/r/AgeofMythology,2tf0k,t5_2tf0k,8890.0
Call of Duty: Black Ops,/r/codbo,4143,0,codbo,https://reddit.com/r/codbo,2rq1o,t5_2rq1o,3639.0
Dungeon Defenders,/r/dungeondefenders,4132,0,dungeondefenders,https://reddit.com/r/dungeondefenders,2sf8u,t5_2sf8u,10192.0
Kingdom of Loathing,/r/kol,4130,0,kol,https://reddit.com/r/kol,2rfte,t5_2rfte,8935.0
Halo 4,/r/Halo4,4125,0,Halo4,https://reddit.com/r/Halo4,2sjls,t5_2sjls,3741.0
LARP,/r/LARP,4089,0,LARP,https://reddit.com/r/LARP,2rl8h,t5_2rl8h,13279.0
Final Fantasy XI,/r/ffxi,4039,0,ffxi,https://reddit.com/r/ffxi,2qn97,t5_2qn97,13683.0
Uncharted,/r/uncharted,4021,0,uncharted,https://reddit.com/r/uncharted,2s8ye,t5_2s8ye,28124.0
DetailCraft (MineCraft),/r/DetailCraft,3994,0,DetailCraft,https://reddit.com/r/DetailCraft,2xj87,t5_2xj87,20283.0
Starmade,/r/Starmade,3959,0,Starmade,https://reddit.com/r/Starmade,2tnkl,t5_2tnkl,4443.0
State of Decay,/r/StateOfDecay,3927,0,StateOfDecay,https://reddit.com/r/StateOfDecay,2utnn,t5_2utnn,24766.0
Wasteland,/r/Wasteland,3927,0,Wasteland,https://reddit.com/r/Wasteland,2saza,t5_2saza,5073.0
Hawken,/r/Hawken,3926,0,Hawken,https://reddit.com/r/Hawken,2sd9a,t5_2sd9a,3222.0
The Crew,/r/The_Crew,3905,0,The_Crew,https://reddit.com/r/The_Crew,2xiux,t5_2xiux,17308.0
Call of Duty: Modern Warfare 2,/r/MW2,3887,0,MW2,https://reddit.com/r/MW2,2r3qb,t5_2r3qb,8325.0
The Wolf Among Us,/r/TheWolfAmongUs,3833,0,TheWolfAmongUs,https://reddit.com/r/TheWolfAmongUs,2yrhi,t5_2yrhi,5624.0
Gnomoria,/r/gnomoria,3824,0,gnomoria,https://reddit.com/r/gnomoria,2u9k6,t5_2u9k6,3694.0
Pokémon TCG Online,/r/ptcgo,3796,0,ptcgo,https://reddit.com/r/ptcgo,2tgbi,t5_2tgbi,26814.0
Rock Band,/r/Rockband,3786,0,Rockband,https://reddit.com/r/Rockband,2qifr,t5_2qifr,18170.0
Doom,/r/Doom,3728,0,Doom,https://reddit.com/r/Doom,2qzwi,t5_2qzwi,85261.0
Castle Story,/r/CastleStory,3716,0,CastleStory,https://reddit.com/r/CastleStory,2tb9e,t5_2tb9e,3156.0
Injustice: Gods Among Us,/r/Injusticegame,3703,0,Injusticegame,https://reddit.com/r/Injusticegame,2vo7i,t5_2vo7i,3021.0
Dirty Bomb,/r/Dirtybomb,3592,0,Dirtybomb,https://reddit.com/r/Dirtybomb,2vopw,t5_2vopw,12839.0
Tomb Raider,/r/TombRaider,3518,0,TombRaider,https://reddit.com/r/TombRaider,2sk5x,t5_2sk5x,23006.0
Space Station 13,/r/SS13,3450,0,SS13,https://reddit.com/r/SS13,2s9yk,t5_2s9yk,18435.0
EverQuest,/r/everquest,3428,0,everquest,https://reddit.com/r/everquest,2rosz,t5_2rosz,11884.0
Kirby,/r/Kirby,3416,0,Kirby,https://reddit.com/r/Kirby,2r411,t5_2r411,38581.0
inFAMOUS,/r/infamous,3414,0,infamous,https://reddit.com/r/infamous,2siyw,t5_2siyw,5868.0
Tekken,/r/Tekken,3245,0,Tekken,https://reddit.com/r/Tekken,2s7yn,t5_2s7yn,63558.0
Counter-Strike,/r/counter_strike,3187,0,counter_strike,https://reddit.com/r/counter_strike,2rwyx,t5_2rwyx,6551.0
Infestation: Survivor Stories,/r/TheWarZ,3185,0,TheWarZ,https://reddit.com/r/TheWarZ,2ujwe,t5_2ujwe,2480.0
Chrono Trigger,/r/chronotrigger,3130,0,chronotrigger,https://reddit.com/r/chronotrigger,2sevh,t5_2sevh,9187.0
Sins of a Solar Empire,/r/SoSE,3051,0,SoSE,https://reddit.com/r/SoSE,2s8hu,t5_2s8hu,4665.0
Heroes & Generals,/r/HeroesandGenerals,3026,0,HeroesandGenerals,https://reddit.com/r/HeroesandGenerals,2tnq5,t5_2tnq5,8700.0
Infinite Crisis,/r/infinitecrisis,2985,0,infinitecrisis,https://reddit.com/r/infinitecrisis,2w3if,t5_2w3if,2017.0
Dust 514,/r/dust514,2940,0,dust514,https://reddit.com/r/dust514,2sh6s,t5_2sh6s,2336.0
Grand Theft Auto V Adventures,/r/GTAVadventures,2939,0,GTAVadventures,https://reddit.com/r/GTAVadventures,2z4uc,t5_2z4uc,2353.0
WWE,/r/WWEGames,2920,0,WWEGames,https://reddit.com/r/WWEGames,2t9bx,t5_2t9bx,42167.0
Prismata,/r/Prismata,2916,0,Prismata,https://reddit.com/r/Prismata,31bl5,t5_31bl5,2878.0
Battlefield 3 on PS3,/r/ps3bf3,2909,0,ps3bf3,https://reddit.com/r/ps3bf3,2sbem,t5_2sbem,2219.0
Competitive Halo,/r/CompetitiveHalo,2903,0,CompetitiveHalo,https://reddit.com/r/CompetitiveHalo,2usxt,t5_2usxt,7112.0
The Witcher 3,/r/thewitcher3,2895,0,thewitcher3,https://reddit.com/r/thewitcher3,2w93y,t5_2w93y,24191.0
Magicka,/r/magicka,2874,0,magicka,https://reddit.com/r/magicka,2safa,t5_2safa,2809.0
Endless Space,/r/EndlessSpace,2860,0,EndlessSpace,https://reddit.com/r/EndlessSpace,2tpth,t5_2tpth,11593.0
Command & Conquer,/r/commandandconquer,2851,0,commandandconquer,https://reddit.com/r/commandandconquer,2stve,t5_2stve,19535.0
Gran Turismo 5,/r/GT5,2650,0,GT5,https://reddit.com/r/GT5,2s463,t5_2s463,2117.0
Metro 2033,/r/metro2033,2589,0,metro2033,https://reddit.com/r/metro2033,2t42q,t5_2t42q,12241.0
Euro Truck Simulator 2,/r/EuroTruck2,2580,0,EuroTruck2,https://reddit.com/r/EuroTruck2,2vcw5,t5_2vcw5,7184.0
Ni no Kuni,/r/Ni_no_Kuni,2546,0,Ni_no_Kuni,https://reddit.com/r/Ni_no_Kuni,2w2yu,t5_2w2yu,7611.0
Ratchet & Clank,/r/RatchetAndClank,2521,0,RatchetAndClank,https://reddit.com/r/RatchetAndClank,2tqfx,t5_2tqfx,11119.0
Rogue Legacy,/r/RogueLegacy,2513,0,RogueLegacy,https://reddit.com/r/RogueLegacy,2x0uz,t5_2x0uz,2890.0
X3: Terran Conflict,/r/X3TC,2433,0,X3TC,https://reddit.com/r/X3TC,2rvys,t5_2rvys,3968.0
LittleBigPlanet,/r/littlebigplanet,2419,0,littlebigplanet,https://reddit.com/r/littlebigplanet,2rqr8,t5_2rqr8,5236.0
DotA,/r/DOTA,2398,0,DOTA,https://reddit.com/r/DOTA,2qt7o,t5_2qt7o,5960.0
Hitman,/r/HiTMAN,2367,0,HiTMAN,https://reddit.com/r/HiTMAN,2rn0x,t5_2rn0x,48171.0
Story of Seasons,/r/storyofseasons,2259,0,storyofseasons,https://reddit.com/r/storyofseasons,35m3k,t5_35m3k,8224.0
Warcraft 3,/r/WC3,2228,0,WC3,https://reddit.com/r/WC3,2r4nl,t5_2r4nl,18468.0
Persona 4 Golden,/r/persona4golden,2213,0,persona4golden,https://reddit.com/r/persona4golden,2waqy,t5_2waqy,8681.0
Blacklight: Retribution,/r/Blacklight,2187,0,Blacklight,https://reddit.com/r/Blacklight,2t21j,t5_2t21j,2846.0
Skylanders,/r/skylanders,2186,0,skylanders,https://reddit.com/r/skylanders,2ssor,t5_2ssor,4435.0
Castlevania,/r/castlevania,2180,0,castlevania,https://reddit.com/r/castlevania,2ss33,t5_2ss33,25325.0
Dungeons of Dredmor,/r/Dredmor,2168,0,Dredmor,https://reddit.com/r/Dredmor,2smy1,t5_2smy1,2149.0
Relaxed Pokémon Trades,/r/relaxedpokemontrades,2152,0,relaxedpokemontrades,https://reddit.com/r/relaxedpokemontrades,30jnb,t5_30jnb,5670.0
Battlefield on PlayStation,/r/PSBF,2122,0,PSBF,https://reddit.com/r/PSBF,2xi8z,t5_2xi8z,1980.0
Injustice: Gods Among Us (Mobile),/r/InjusticeMobile,2110,0,InjusticeMobile,https://reddit.com/r/InjusticeMobile,2ymzc,t5_2ymzc,5473.0
SanctuaryRPG,/r/SanctuaryRPG,2104,0,SanctuaryRPG,https://reddit.com/r/SanctuaryRPG,2w27i,t5_2w27i,2036.0
Mabinogi,/r/Mabinogi,1969,0,Mabinogi,https://reddit.com/r/Mabinogi,2s4k2,t5_2s4k2,8809.0
Legend of Grimrock,/r/grimrock,1957,0,grimrock,https://reddit.com/r/grimrock,2ssew,t5_2ssew,1834.0
BlazBlue,/r/Blazblue,1934,0,Blazblue,https://reddit.com/r/Blazblue,2s6iq,t5_2s6iq,12243.0
Banjo-Kazooie,/r/BanjoKazooie,1863,0,BanjoKazooie,https://reddit.com/r/BanjoKazooie,2sokv,t5_2sokv,7322.0
Disgaea,/r/Disgaea,1843,0,Disgaea,https://reddit.com/r/Disgaea,2shpc,t5_2shpc,11090.0
Dragon Quest/Dragon Warrior,/r/dragonquest,1827,0,dragonquest,https://reddit.com/r/dragonquest,2sbty,t5_2sbty,30203.0
MechWarrior,/r/mechwarrior,1801,0,mechwarrior,https://reddit.com/r/mechwarrior,2sr71,t5_2sr71,5101.0
Splinter Cell,/r/Splintercell,1752,0,Splintercell,https://reddit.com/r/Splintercell,2robr,t5_2robr,7026.0
StarForge,/r/starforge,1733,0,starforge,https://reddit.com/r/starforge,2u6yh,t5_2u6yh,1146.0
Killzone,/r/killzone,1690,0,killzone,https://reddit.com/r/killzone,2ru72,t5_2ru72,2039.0
The Elder Scrolls Online,/r/teso,1658,0,teso,https://reddit.com/r/teso,2u140,t5_2u140,4471.0
Spore,/r/Spore,1653,0,Spore,https://reddit.com/r/Spore,2qiv4,t5_2qiv4,5852.0
Myst,/r/myst,1647,0,myst,https://reddit.com/r/myst,2qhdu,t5_2qhdu,3927.0
The Legend of Zelda: Majora's Mask,/r/majorasmask,1637,0,majorasmask,https://reddit.com/r/majorasmask,2teg0,t5_2teg0,4350.0
Just Cause 2,/r/JC2,1618,0,JC2,https://reddit.com/r/JC2,2rmf2,t5_2rmf2,1258.0
Kingdom Come: Deliverance,/r/kingdomcome,1610,0,kingdomcome,https://reddit.com/r/kingdomcome,2zi6m,t5_2zi6m,69146.0
Jak and Daxter,/r/jakanddaxter,1599,0,jakanddaxter,https://reddit.com/r/jakanddaxter,2t4tn,t5_2t4tn,7162.0
Golden Sun,/r/GoldenSun,1581,0,GoldenSun,https://reddit.com/r/GoldenSun,2s75v,t5_2s75v,6761.0
The Stanley Parable,/r/stanleyparable,1576,0,stanleyparable,https://reddit.com/r/stanleyparable,2yr3o,t5_2yr3o,2852.0
Final Fantasy X,/r/finalfantasyx,1558,0,finalfantasyx,https://reddit.com/r/finalfantasyx,304h3,t5_304h3,7192.0
Devil May Cry,/r/DevilMayCry,1553,0,DevilMayCry,https://reddit.com/r/DevilMayCry,2tx5b,t5_2tx5b,51419.0
Thief,/r/Thief,1437,0,Thief,https://reddit.com/r/Thief,2rduq,t5_2rduq,2734.0
Persona 5,/r/Persona5,1423,0,Persona5,https://reddit.com/r/Persona5,2vnbs,t5_2vnbs,130186.0
MapleStory 2,/r/MapleStory2,1420,0,MapleStory2,https://reddit.com/r/MapleStory2,2ut5o,t5_2ut5o,32633.0
Cyberpunk 2077,/r/cyberpunk2077,1382,0,cyberpunk2077,https://reddit.com/r/cyberpunk2077,2vc2o,t5_2vc2o,11041.0
The Universe Project,/r/UniverseProject,1382,0,UniverseProject,https://reddit.com/r/UniverseProject,2vozh,t5_2vozh,1086.0
Spiral Knights,/r/spiral_knights,1350,0,spiral_knights,https://reddit.com/r/spiral_knights,2sece,t5_2sece,2392.0
Marvel Future Fight,/r/FutureFight,1342,0,FutureFight,https://reddit.com/r/FutureFight,37irx,t5_37irx,7290.0
NCAA Football,/r/NCAAFBseries,1340,0,NCAAFBseries,https://reddit.com/r/NCAAFBseries,2tx3z,t5_2tx3z,10380.0
Squad,/r/joinsquad,1338,0,joinsquad,https://reddit.com/r/joinsquad,33zyg,t5_33zyg,45342.0
Artemis,/r/Artemis,1321,0,Artemis,https://reddit.com/r/Artemis,2s6k9,t5_2s6k9,1785.0
Dance Dance Revolution,/r/DanceDanceRevolution,1317,0,DanceDanceRevolution,https://reddit.com/r/DanceDanceRevolution,2s3qp,t5_2s3qp,6123.0
LA: Noire,/r/lanoire,1316,0,lanoire,https://reddit.com/r/lanoire,2s9oe,t5_2s9oe,4787.0
PlayStation All-Stars,/r/psbattleroyale,1316,0,psbattleroyale,https://reddit.com/r/psbattleroyale,2u04g,t5_2u04g,1348.0
Kid Icarus,/r/KiDIcaruS,1298,0,KiDIcaruS,https://reddit.com/r/KiDIcaruS,2r5a0,t5_2r5a0,2886.0
Sleeping Dogs,/r/sleepingdogs,1280,0,sleepingdogs,https://reddit.com/r/sleepingdogs,2u5qo,t5_2u5qo,2546.0
Bloodline Champions,/r/bloodlinechampions,1278,0,bloodlinechampions,https://reddit.com/r/bloodlinechampions,2rwzp,t5_2rwzp,1106.0
Galactic Civilizations,/r/GalCiv,1264,0,GalCiv,https://reddit.com/r/GalCiv,2uaye,t5_2uaye,2091.0
King of Fighters,/r/kof,1246,0,kof,https://reddit.com/r/kof,2r6dh,t5_2r6dh,6484.0
Need for Speed,/r/needforspeed,1231,0,needforspeed,https://reddit.com/r/needforspeed,2s8z6,t5_2s8z6,31255.0
Ace of Spades,/r/AceOfSpades,1225,0,AceOfSpades,https://reddit.com/r/AceOfSpades,2sfci,t5_2sfci,998.0
Street Fighter x Tekken,/r/SFxT,1214,0,SFxT,https://reddit.com/r/SFxT,2rz25,t5_2rz25,1100.0
Aion,/r/aion,1211,0,aion,https://reddit.com/r/aion,2r6lm,t5_2r6lm,4573.0
Sly Cooper,/r/Slycooper,1197,0,Slycooper,https://reddit.com/r/Slycooper,2t8v6,t5_2t8v6,5893.0
Tibia,/r/TibiaMMO,1174,0,TibiaMMO,https://reddit.com/r/TibiaMMO,2s3sk,t5_2s3sk,17828.0
Marvel: Avengers Alliance,/r/MAA,1171,0,MAA,https://reddit.com/r/MAA,2vtkh,t5_2vtkh,2126.0
SSX,/r/SSX,1152,0,SSX,https://reddit.com/r/SSX,2t5bw,t5_2t5bw,1883.0
StepMania,/r/Stepmania,1129,0,Stepmania,https://reddit.com/r/Stepmania,2s2wx,t5_2s2wx,6068.0
RuneScape,/r/scape,1118,0,scape,https://reddit.com/r/scape,2u6tr,t5_2u6tr,1903.0
Cities in Motion,/r/CitiesInMotion,1116,0,CitiesInMotion,https://reddit.com/r/CitiesInMotion,2t6a6,t5_2t6a6,1219.0
Dustforce,/r/dustforce,1105,0,dustforce,https://reddit.com/r/dustforce,2tcmb,t5_2tcmb,1347.0
Dungeons & Dragons Online,/r/ddo,1089,0,ddo,https://reddit.com/r/ddo,2r62z,t5_2r62z,3741.0
SpaceChem,/r/spacechem,1084,0,spacechem,https://reddit.com/r/spacechem,2s83y,t5_2s83y,1486.0
Pro Evolution Soccer / Winning Eleven,/r/WEPES,1067,0,WEPES,https://reddit.com/r/WEPES,30dws,t5_30dws,19143.0
City of Heroes,/r/Cityofheroes,1047,0,Cityofheroes,https://reddit.com/r/Cityofheroes,2rsy7,t5_2rsy7,13370.0
Transformice,/r/transformice,1037,0,transformice,https://reddit.com/r/transformice,2ruyx,t5_2ruyx,1362.0
Darkfall,/r/Darkfall,1018,0,Darkfall,https://reddit.com/r/Darkfall,2qzn6,t5_2qzn6,1428.0
Paper Mario,/r/papermario,976,0,papermario,https://reddit.com/r/papermario,2tn1s,t5_2tn1s,10238.0
Phantasy Star Online,/r/PSO,975,0,PSO,https://reddit.com/r/PSO,2sgpr,t5_2sgpr,2909.0
Okami,/r/Okami,963,0,Okami,https://reddit.com/r/Okami,2sl60,t5_2sl60,4957.0
ShootMania,/r/Shootmania,948,0,Shootmania,https://reddit.com/r/Shootmania,2tv9n,t5_2tv9n,794.0
WesterosCraft,/r/WesterosCraft,944,0,WesterosCraft,https://reddit.com/r/WesterosCraft,2ttjq,t5_2ttjq,1533.0
Super Monday Night Combat,/r/smnc,943,0,smnc,https://reddit.com/r/smnc,2svqv,t5_2svqv,782.0
Fistful of Frags,/r/FistfulOfFrags,939,0,FistfulOfFrags,https://reddit.com/r/FistfulOfFrags,31po0,t5_31po0,1712.0
Street Fighter 3,/r/sf3,937,0,sf3,https://reddit.com/r/sf3,2sa6e,t5_2sa6e,1747.0
Plague Inc.,/r/plagueinc,922,0,plagueinc,https://reddit.com/r/plagueinc,2uby0,t5_2uby0,4523.0
Towns,/r/Towns,919,0,Towns,https://reddit.com/r/Towns,2t12l,t5_2t12l,664.0
OpenRA,/r/openra,909,0,openra,https://reddit.com/r/openra,2s4qq,t5_2s4qq,2764.0
Orcs Must Die!,/r/OrcsMustDie,908,0,OrcsMustDie,https://reddit.com/r/OrcsMustDie,2sz2r,t5_2sz2r,2578.0
Star Conflict,/r/StarConflict,907,0,StarConflict,https://reddit.com/r/StarConflict,2u8e7,t5_2u8e7,1036.0
Jurassic Park : Aftermath,/r/JurassicParkAftermath,905,0,JurassicParkAftermath,https://reddit.com/r/JurassicParkAftermath,33tns,t5_33tns,830.0
Distant Worlds,/r/DistantWorlds,885,0,DistantWorlds,https://reddit.com/r/DistantWorlds,2uv6s,t5_2uv6s,2430.0
The Sims Glitches,/r/SimsGlitches,877,0,SimsGlitches,https://reddit.com/r/SimsGlitches,2xw6c,t5_2xw6c,2130.0
Plants vs. Zombies,/r/PlantsVSZombies,869,0,PlantsVSZombies,https://reddit.com/r/PlantsVSZombies,2s8u8,t5_2s8u8,12724.0
Hyperdimension Neptunia,/r/gamindustri,864,0,gamindustri,https://reddit.com/r/gamindustri,2w8vg,t5_2w8vg,33059.0
NEO Scavenger,/r/NeoScavenger,851,0,NeoScavenger,https://reddit.com/r/NeoScavenger,2v04r,t5_2v04r,1850.0
Pocket Planes,/r/PocketPlanes,844,0,PocketPlanes,https://reddit.com/r/PocketPlanes,2uamw,t5_2uamw,2918.0
Train Fever,/r/trainfever,836,0,trainfever,https://reddit.com/r/trainfever,2wpnn,t5_2wpnn,890.0
Wolfenstein: Enemy Territory,/r/EnemyTerritory,825,0,EnemyTerritory,https://reddit.com/r/EnemyTerritory,2s6dk,t5_2s6dk,1356.0
Frozen Synapse,/r/frozensynapse,782,0,frozensynapse,https://reddit.com/r/frozensynapse,2rrot,t5_2rrot,776.0
Mortal Kombat 9,/r/mk9,773,0,mk9,https://reddit.com/r/mk9,2sd0x,t5_2sd0x,937.0
Tribal Hero,/r/tribalhero,772,0,tribalhero,https://reddit.com/r/tribalhero,2t1cy,t5_2t1cy,620.0
Katamari,/r/katamari,770,0,katamari,https://reddit.com/r/katamari,2rzxa,t5_2rzxa,2755.0
Kingdoms of Amalur,/r/kingdomsofamalur,769,0,kingdomsofamalur,https://reddit.com/r/kingdomsofamalur,2snmb,t5_2snmb,2033.0
The Mighty Quest for Epic Loot,/r/themightyquest,767,0,themightyquest,https://reddit.com/r/themightyquest,2vez2,t5_2vez2,955.0
World of Tanks (Xbox),/r/WorldofTanksXbox,736,0,WorldofTanksXbox,https://reddit.com/r/WorldofTanksXbox,2xim5,t5_2xim5,1716.0
Anno,/r/anno,728,0,anno,https://reddit.com/r/anno,2sy3z,t5_2sy3z,15781.0
God of War,/r/GodofWar,719,0,GodofWar,https://reddit.com/r/GodofWar,2ts07,t5_2ts07,89431.0
Total Annihilation,/r/TotalAnnihilation,713,0,TotalAnnihilation,https://reddit.com/r/TotalAnnihilation,2s27a,t5_2s27a,1260.0
Hockey?,/r/hockeyquestionmark,712,0,hockeyquestionmark,https://reddit.com/r/hockeyquestionmark,2u9pc,t5_2u9pc,1552.0
Rise of Nations,/r/riseofnations,711,0,riseofnations,https://reddit.com/r/riseofnations,2ra2z,t5_2ra2z,1898.0
Soul Calibur V,/r/SoulCaliburV,697,0,SoulCaliburV,https://reddit.com/r/SoulCaliburV,2sxdz,t5_2sxdz,768.0
Brink,/r/brink,682,0,brink,https://reddit.com/r/brink,2qzgf,t5_2qzgf,593.0
FIFA PC,/r/EAfifapc,666,0,EAfifapc,https://reddit.com/r/EAfifapc,349qq,t5_349qq,525.0
Falcon BMS,/r/falconbms,658,0,falconbms,https://reddit.com/r/falconbms,2tvox,t5_2tvox,2820.0
The World Ends with You,/r/TWEWY,637,0,TWEWY,https://reddit.com/r/TWEWY,2uedf,t5_2uedf,4643.0
Anarchy Online,/r/anarchyonline,636,0,anarchyonline,https://reddit.com/r/anarchyonline,2sfvw,t5_2sfvw,1923.0
Alan Wake,/r/AlanWake,633,0,AlanWake,https://reddit.com/r/AlanWake,2sxlw,t5_2sxlw,1387.0
Freelancer,/r/freelancer,630,0,freelancer,https://reddit.com/r/freelancer,2s4xs,t5_2s4xs,2537.0
Soul Calibur,/r/SoulCalibur,595,0,SoulCalibur,https://reddit.com/r/SoulCalibur,2s8ri,t5_2s8ri,31727.0
Valkyria Chronicles,/r/valkyria,589,0,valkyria,https://reddit.com/r/valkyria,2s7la,t5_2s7la,4976.0
LEGO,/r/legogaming,579,0,legogaming,https://reddit.com/r/legogaming,2yxox,t5_2yxox,5318.0
BattleBlock Theater,/r/battleblocktheater,575,0,battleblocktheater,https://reddit.com/r/battleblocktheater,2u4mq,t5_2u4mq,878.0
Halo (Forge),/r/forge,572,0,forge,https://reddit.com/r/forge,2qmpd,t5_2qmpd,3848.0
Wayward,/r/Wayward,568,0,Wayward,https://reddit.com/r/Wayward,2ukl6,t5_2ukl6,1009.0
IL-2 Sturmovik,/r/il2,559,0,il2,https://reddit.com/r/il2,2tpcd,t5_2tpcd,1784.0
War of the Roses,/r/WarOfTheRoses,555,0,WarOfTheRoses,https://reddit.com/r/WarOfTheRoses,2tjlc,t5_2tjlc,451.0
King Arthur's Gold,/r/kag,553,0,kag,https://reddit.com/r/kag,2siz0,t5_2siz0,449.0
Fortnite,/r/FORTnITE,551,0,FORTnITE,https://reddit.com/r/FORTnITE,2t7hh,t5_2t7hh,352805.0
Maia,/r/maia,547,0,maia,https://reddit.com/r/maia,2r7gd,t5_2r7gd,480.0
Doom Mods,/r/DoomMods,546,0,DoomMods,https://reddit.com/r/DoomMods,2s93x,t5_2s93x,1721.0
Combat Arms,/r/combatarms,544,0,combatarms,https://reddit.com/r/combatarms,2s9kc,t5_2s9kc,972.0
AirMech,/r/AirMech,539,0,AirMech,https://reddit.com/r/AirMech,2tehz,t5_2tehz,609.0
Interstellar Marines,/r/InterstellarMarines,538,0,InterstellarMarines,https://reddit.com/r/InterstellarMarines,2ui2q,t5_2ui2q,561.0
Arcanum,/r/arcanum,526,0,arcanum,https://reddit.com/r/arcanum,2smnq,t5_2smnq,1322.0
Batman: Arkham,/r/arkham,512,0,arkham,https://reddit.com/r/arkham,2t0os,t5_2t0os,1009.0
The Longest Journey,/r/thelongestjourney,511,0,thelongestjourney,https://reddit.com/r/thelongestjourney,2w19d,t5_2w19d,1040.0
FreeSpace,/r/freespace,482,0,freespace,https://reddit.com/r/freespace,2s6cc,t5_2s6cc,932.0
SpyParty,/r/spyparty,475,0,spyparty,https://reddit.com/r/spyparty,2sgrs,t5_2sgrs,1210.0
Stronghold,/r/stronghold,464,0,stronghold,https://reddit.com/r/stronghold,2s7jv,t5_2s7jv,1617.0
AI War,/r/AIwar,455,0,AIwar,https://reddit.com/r/AIwar,2s8th,t5_2s8th,706.0
Planescape: Torment,/r/planescape,454,0,planescape,https://reddit.com/r/planescape,2tjve,t5_2tjve,1901.0
Ghost Recon,/r/GhostRecon,438,0,GhostRecon,https://reddit.com/r/GhostRecon,2s91l,t5_2s91l,45075.0
Marathon,/r/Marathon,438,0,Marathon,https://reddit.com/r/Marathon,2qnt3,t5_2qnt3,1449.0
Monaco,/r/monacoismine,436,0,monacoismine,https://reddit.com/r/monacoismine,2v8b3,t5_2v8b3,410.0
Beyond: Two Souls,/r/beyondtwosouls,416,0,beyondtwosouls,https://reddit.com/r/beyondtwosouls,2u89p,t5_2u89p,885.0
Minecraft Limited Servers,/r/limitedservers,408,0,limitedservers,https://reddit.com/r/limitedservers,2ut0u,t5_2ut0u,288.0
Assassin's Creed III,/r/assassinscreed3,405,0,assassinscreed3,https://reddit.com/r/assassinscreed3,2t1k1,t5_2t1k1,676.0
Alien Swarm,/r/alien_swarm,393,0,alien_swarm,https://reddit.com/r/alien_swarm,2rxtn,t5_2rxtn,462.0
King of Thieves,/r/kot,392,0,kot,https://reddit.com/r/kot,36u4k,t5_36u4k,1233.0
Rayman,/r/Rayman,382,0,Rayman,https://reddit.com/r/Rayman,2qzf5,t5_2qzf5,2369.0
Contra,/r/contra,369,0,contra,https://reddit.com/r/contra,2qsgs,t5_2qsgs,563.0
Men of War,/r/menofwar,365,0,menofwar,https://reddit.com/r/menofwar,2skni,t5_2skni,1808.0
Day of Defeat,/r/DayOfDefeat,360,0,DayOfDefeat,https://reddit.com/r/DayOfDefeat,2s3zm,t5_2s3zm,1093.0
Dead Island: Epidemic,/r/die,360,0,die,https://reddit.com/r/die,2tdvk,t5_2tdvk,424.0
SOCOM,/r/SOCOM,358,0,SOCOM,https://reddit.com/r/SOCOM,2qqzz,t5_2qqzz,1327.0
Tony Hawk's Pro Skater,/r/THPS,352,0,THPS,https://reddit.com/r/THPS,2tacf,t5_2tacf,3790.0
The Last of Us,/r/TLOU,344,0,TLOU,https://reddit.com/r/TLOU,2u8ax,t5_2u8ax,536.0
Forge,/r/ForgeWar,343,0,ForgeWar,https://reddit.com/r/ForgeWar,2ubua,t5_2ubua,255.0
Carmageddon,/r/carmageddon,343,0,carmageddon,https://reddit.com/r/carmageddon,2sj98,t5_2sj98,490.0
Hill Climb Racing,/r/HillClimbRacing,341,0,HillClimbRacing,https://reddit.com/r/HillClimbRacing,2voua,t5_2voua,2521.0
Assassin's Creed IV: Black Flag,/r/Assassinscreed4,336,0,Assassinscreed4,https://reddit.com/r/Assassinscreed4,2vivu,t5_2vivu,1101.0
Warlock: Master of the Arcane,/r/Warlock,319,0,Warlock,https://reddit.com/r/Warlock,2tz03,t5_2tz03,314.0
Act Of Aggression,/r/ActOfAggression,313,0,ActOfAggression,https://reddit.com/r/ActOfAggression,32zvm,t5_32zvm,418.0
Aberoth,/r/aberoth,307,0,aberoth,https://reddit.com/r/aberoth,2s7ue,t5_2s7ue,925.0
NeoTokyo,/r/Neotokyo,305,0,Neotokyo,https://reddit.com/r/Neotokyo,2r278,t5_2r278,410.0
"Sir, You Are Being Hunted",/r/SirYouAreBeingHunted,294,0,SirYouAreBeingHunted,https://reddit.com/r/SirYouAreBeingHunted,2vlrb,t5_2vlrb,296.0
Command & Conquer: Red Alert 2,/r/redalert2,288,0,redalert2,https://reddit.com/r/redalert2,2soqm,t5_2soqm,1492.0
True Skate,/r/TrueSkate,287,0,TrueSkate,https://reddit.com/r/TrueSkate,2wk6a,t5_2wk6a,1601.0
Twisted Metal,/r/TwistedMetal,277,0,TwistedMetal,https://reddit.com/r/TwistedMetal,2spy0,t5_2spy0,966.0
Manyland,/r/Manyland,277,0,Manyland,https://reddit.com/r/Manyland,2yll0,t5_2yll0,464.0
Museum Tycoon,/r/museumtycoon,274,0,museumtycoon,https://reddit.com/r/museumtycoon,35t1a,t5_35t1a,213.0
Peggle,/r/peggle,266,0,peggle,https://reddit.com/r/peggle,2tad5,t5_2tad5,665.0
Monday Night Combat,/r/mnc,262,0,mnc,https://reddit.com/r/mnc,2s0te,t5_2s0te,233.0
Icewind Dale,/r/icewinddale,251,0,icewinddale,https://reddit.com/r/icewinddale,2wczg,t5_2wczg,1125.0
Dead Rising,/r/deadrising,248,0,deadrising,https://reddit.com/r/deadrising,2s3ou,t5_2s3ou,4059.0
ZombiU,/r/ZombiU,243,0,ZombiU,https://reddit.com/r/ZombiU,2u8x2,t5_2u8x2,239.0
Sanctum,/r/Sanctum,243,0,Sanctum,https://reddit.com/r/Sanctum,2shl0,t5_2shl0,333.0
Melty Blood,/r/meltyblood,242,0,meltyblood,https://reddit.com/r/meltyblood,2t2ie,t5_2t2ie,1619.0
The Ship: Murder Party,/r/theship,240,0,theship,https://reddit.com/r/theship,2qhtn,t5_2qhtn,374.0
Trine,/r/Trine,239,0,Trine,https://reddit.com/r/Trine,2sypg,t5_2sypg,360.0
DCS: Black Shark,/r/blackshark,238,0,blackshark,https://reddit.com/r/blackshark,2tsqr,t5_2tsqr,263.0
Age of Wonders,/r/ageofwonders,238,0,ageofwonders,https://reddit.com/r/ageofwonders,2uamy,t5_2uamy,395.0
Aliens: Colonial Marines,/r/ColonialMarines,236,0,ColonialMarines,https://reddit.com/r/ColonialMarines,2uqrf,t5_2uqrf,387.0
Skies of Arcadia,/r/skiesofarcadia,235,0,skiesofarcadia,https://reddit.com/r/skiesofarcadia,2t5y1,t5_2t5y1,1043.0
Chrono Cross,/r/ChronoCross,233,0,ChronoCross,https://reddit.com/r/ChronoCross,2u0u7,t5_2u0u7,1124.0
Catherine,/r/catherinegame,231,0,catherinegame,https://reddit.com/r/catherinegame,2scqd,t5_2scqd,1949.0
Viva Piñata,/r/VivaPinata,229,0,VivaPinata,https://reddit.com/r/VivaPinata,2tf1g,t5_2tf1g,2051.0
Bully,/r/bully,219,0,bully,https://reddit.com/r/bully,2tiii,t5_2tiii,5407.0
Spyro the Dragon,/r/spyrothedragon,218,0,spyrothedragon,https://reddit.com/r/spyrothedragon,2u2g2,t5_2u2g2,299.0
GoldenEye 007,/r/GoldenEye,216,0,GoldenEye,https://reddit.com/r/GoldenEye,2s55x,t5_2s55x,559.0
Jumpgate,/r/jumpgate,216,0,jumpgate,https://reddit.com/r/jumpgate,2qtq1,t5_2qtq1,192.0
Age of Empires III,/r/aoeIII,212,0,aoeIII,https://reddit.com/r/aoeIII,2uibv,t5_2uibv,209.0
Pathologic,/r/pathologic,205,0,pathologic,https://reddit.com/r/pathologic,2vv0d,t5_2vv0d,1072.0
F1 2012,/r/F12012,203,0,F12012,https://reddit.com/r/F12012,2txnq,t5_2txnq,154.0
Recettear,/r/Recettear,198,0,Recettear,https://reddit.com/r/Recettear,2s40t,t5_2s40t,462.0
SubSpace,/r/subspace,197,0,subspace,https://reddit.com/r/subspace,2sawi,t5_2sawi,413.0
Age of Empires Revival,/r/ageofempiresrevival,191,0,ageofempiresrevival,https://reddit.com/r/ageofempiresrevival,2rcn8,t5_2rcn8,179.0
Super Street Fighter 2: Super Turbo,/r/SuperTurbo,191,0,SuperTurbo,https://reddit.com/r/SuperTurbo,2tgct,t5_2tgct,309.0
Beyond Good & Evil,/r/beyondgoodandevil,185,0,beyondgoodandevil,https://reddit.com/r/beyondgoodandevil,2t7p1,t5_2t7p1,2985.0
Test Drive Unlimited 2,/r/tdu2,176,0,tdu2,https://reddit.com/r/tdu2,2sbby,t5_2sbby,394.0
Perpetuum,/r/Perpetuum,171,0,Perpetuum,https://reddit.com/r/Perpetuum,2s92a,t5_2s92a,173.0
Homefront,/r/Homefront,165,0,Homefront,https://reddit.com/r/Homefront,2sbqu,t5_2sbqu,503.0
Hitman: Absolution,/r/HitmanAbsolution,162,0,HitmanAbsolution,https://reddit.com/r/HitmanAbsolution,2sjpe,t5_2sjpe,224.0
Age of Empires: Castle Siege,/r/aoecs,162,0,aoecs,https://reddit.com/r/aoecs,33cqa,t5_33cqa,270.0
Sauerbraten,/r/sauerbraten,159,0,sauerbraten,https://reddit.com/r/sauerbraten,2sb7h,t5_2sb7h,327.0
Vox,/r/Vox,156,0,Vox,https://reddit.com/r/Vox,2qjo2,t5_2qjo2,223.0
Pac-Man,/r/Pacman,153,0,Pacman,https://reddit.com/r/Pacman,2rs12,t5_2rs12,763.0
The Last Federation,/r/TheLastFederation,152,0,TheLastFederation,https://reddit.com/r/TheLastFederation,2yvqx,t5_2yvqx,184.0
System Shock 2,/r/SystemShock2,148,0,SystemShock2,https://reddit.com/r/SystemShock2,2v4yv,t5_2v4yv,680.0
Turok,/r/turok,147,0,turok,https://reddit.com/r/turok,2uep1,t5_2uep1,516.0
Resistance,/r/resistance,142,0,resistance,https://reddit.com/r/resistance,2qy5j,t5_2qy5j,438.0
Bomberman,/r/bomberman,134,0,bomberman,https://reddit.com/r/bomberman,2tk3f,t5_2tk3f,857.0
MAG,/r/mag,134,0,mag,https://reddit.com/r/mag,2rfnc,t5_2rfnc,315.0
A Valley Without Wind,/r/AVWW,131,0,AVWW,https://reddit.com/r/AVWW,2swri,t5_2swri,101.0
Rising World,/r/RisingWorld,131,0,RisingWorld,https://reddit.com/r/RisingWorld,358kr,t5_358kr,490.0
Jurassic Park: Operation Genesis,/r/jurassicparkog,131,0,jurassicparkog,https://reddit.com/r/jurassicparkog,2z944,t5_2z944,840.0
Fallout:2238,/r/Reddit2238,129,0,Reddit2238,https://reddit.com/r/Reddit2238,2rivu,t5_2rivu,131.0
Cabal 2,/r/Cabal2,127,0,Cabal2,https://reddit.com/r/Cabal2,2t32j,t5_2t32j,127.0
The Elder Scrolls V: Skyrim: Dawnguard,/r/skyrimdawnguard,125,0,skyrimdawnguard,https://reddit.com/r/skyrimdawnguard,2u1c6,t5_2u1c6,187.0
Return to Castle Wolfenstein,/r/RtCW,125,0,RtCW,https://reddit.com/r/RtCW,2tagh,t5_2tagh,224.0
theHunter: Primal,/r/thehunterprimal,125,0,thehunterprimal,https://reddit.com/r/thehunterprimal,3564h,t5_3564h,104.0
Supremacy 1914,/r/Supremacy1914,120,0,Supremacy1914,https://reddit.com/r/Supremacy1914,2sj5i,t5_2sj5i,564.0
DJMAX,/r/djmax,119,0,djmax,https://reddit.com/r/djmax,2snxt,t5_2snxt,1363.0
Deadpool Game,/r/deadpoolgame,117,0,deadpoolgame,https://reddit.com/r/deadpoolgame,2uiw4,t5_2uiw4,132.0
ScrumbleShip,/r/ScrumbleShip,117,0,ScrumbleShip,https://reddit.com/r/ScrumbleShip,2tty1,t5_2tty1,119.0
Jet Set Radio Future,/r/JSRF,116,0,JSRF,https://reddit.com/r/JSRF,2sj57,t5_2sj57,249.0
8BitMMO,/r/8bitMMO,113,0,8bitMMO,https://reddit.com/r/8bitMMO,2tqye,t5_2tqye,129.0
Empyrion,/r/empyriongame,111,0,empyriongame,https://reddit.com/r/empyriongame,33pyk,t5_33pyk,8151.0
Bejeweled,/r/Bejeweled,110,0,Bejeweled,https://reddit.com/r/Bejeweled,2u10s,t5_2u10s,275.0
Dead Space 3,/r/deadspace3,110,0,deadspace3,https://reddit.com/r/deadspace3,2u9rp,t5_2u9rp,238.0
The Incredible Adventures of Van Helsing,/r/VanHelsing,109,0,VanHelsing,https://reddit.com/r/VanHelsing,2x1wo,t5_2x1wo,291.0
Unreal Tournament 2004,/r/UT2004,108,0,UT2004,https://reddit.com/r/UT2004,2t04e,t5_2t04e,161.0
DayZ Spawn Helpers,/r/dayzspawnhelpers,107,0,dayzspawnhelpers,https://reddit.com/r/dayzspawnhelpers,2ut84,t5_2ut84,99.0
Lords of Uber Dark,/r/lordsofuberdark,103,0,lordsofuberdark,https://reddit.com/r/lordsofuberdark,2snli,t5_2snli,75.0
Darksiders II,/r/DarksidersII,101,0,DarksidersII,https://reddit.com/r/DarksidersII,2uroq,t5_2uroq,184.0
Sound Shapes,/r/SoundShapes,98,0,SoundShapes,https://reddit.com/r/SoundShapes,2uq0q,t5_2uq0q,93.0
Fallout: Brotherhood of Steel,/r/Brotherhood_of_Steel,97,0,Brotherhood_of_Steel,https://reddit.com/r/Brotherhood_of_Steel,2vsqb,t5_2vsqb,406.0
Aftermath,/r/theaftermath,96,0,theaftermath,https://reddit.com/r/theaftermath,31dan,t5_31dan,110.0
Fortress Forever,/r/fortressforever,95,0,fortressforever,https://reddit.com/r/fortressforever,2sow0,t5_2sow0,153.0
Armagetron Advanced,/r/armagetronad,94,0,armagetronad,https://reddit.com/r/armagetronad,2s6f6,t5_2s6f6,143.0
Hellgate London & Hellgate Global,/r/hellgate,92,0,hellgate,https://reddit.com/r/hellgate,2sigl,t5_2sigl,384.0
Rusty Hearts,/r/rustyhearts,88,0,rustyhearts,https://reddit.com/r/rustyhearts,2snkw,t5_2snkw,116.0
SmashMuck,/r/SmashMuck,88,0,SmashMuck,https://reddit.com/r/SmashMuck,2trdz,t5_2trdz,62.0
Ghost Recon: Future Soldier,/r/GRFS,84,0,GRFS,https://reddit.com/r/GRFS,2teja,t5_2teja,104.0
Orcs Must Die! 2,/r/orcsmustdie2,82,0,orcsmustdie2,https://reddit.com/r/orcsmustdie2,2uc51,t5_2uc51,114.0
Yakuza,/r/yakuzagames,78,0,yakuzagames,https://reddit.com/r/yakuzagames,2xx8w,t5_2xx8w,24666.0
Atlantica Online,/r/atlanticaonline,77,0,atlanticaonline,https://reddit.com/r/atlanticaonline,2rkz1,t5_2rkz1,247.0
Growtopia,/r/growtopia,76,0,growtopia,https://reddit.com/r/growtopia,2vv7g,t5_2vv7g,2489.0
Section 8: Prejudice,/r/WARISPREJUDICE,74,0,WARISPREJUDICE,https://reddit.com/r/WARISPREJUDICE,2sgsg,t5_2sgsg,69.0
Rage,/r/id_RAGE,72,0,id_RAGE,https://reddit.com/r/id_RAGE,2sxr6,t5_2sxr6,1079.0
Achron,/r/achron,70,0,achron,https://reddit.com/r/achron,2sj5z,t5_2sj5z,79.0
ZZT,/r/zzt,69,0,zzt,https://reddit.com/r/zzt,2sa59,t5_2sa59,189.0
Battlezone,/r/battlezone,67,0,battlezone,https://reddit.com/r/battlezone,2s8bv,t5_2s8bv,290.0
MinoMonsters,/r/MinoMonsters,66,0,MinoMonsters,https://reddit.com/r/MinoMonsters,2t77t,t5_2t77t,89.0
Battle Realms,/r/BattleRealms,66,0,BattleRealms,https://reddit.com/r/BattleRealms,2w8gw,t5_2w8gw,279.0
Quest for Glory,/r/questforglory,66,0,questforglory,https://reddit.com/r/questforglory,2vfxn,t5_2vfxn,448.0
Doom,/r/Doom_FPS,64,0,Doom_FPS,https://reddit.com/r/Doom_FPS,2stjx,t5_2stjx,83.0
Impossible Creatures,/r/ImpossibleCreatures,63,0,ImpossibleCreatures,https://reddit.com/r/ImpossibleCreatures,2ysm3,t5_2ysm3,366.0
Elasto Mania,/r/elastomania,62,0,elastomania,https://reddit.com/r/elastomania,2uvxp,t5_2uvxp,106.0
Ultimate General: Gettysburg,/r/ultimategeneral,62,0,ultimategeneral,https://reddit.com/r/ultimategeneral,2zg5v,t5_2zg5v,1047.0
Rise of the Triad,/r/riseofthetriad,61,0,riseofthetriad,https://reddit.com/r/riseofthetriad,2wra6,t5_2wra6,56.0
Star Sonata,/r/StarSonata,61,0,StarSonata,https://reddit.com/r/StarSonata,2th5q,t5_2th5q,74.0
Elite,/r/elitegames,60,0,elitegames,https://reddit.com/r/elitegames,2uh00,t5_2uh00,84.0
FOnline,/r/FOnline,57,0,FOnline,https://reddit.com/r/FOnline,2sq6e,t5_2sq6e,111.0
NOWHERE,/r/nowheregame,56,0,nowheregame,https://reddit.com/r/nowheregame,2zeg8,t5_2zeg8,72.0
Everybody's Gone to the Rapture,/r/Egttr,54,0,Egttr,https://reddit.com/r/Egttr,324pl,t5_324pl,459.0
Darkout,/r/darkout,50,0,darkout,https://reddit.com/r/darkout,2urrj,t5_2urrj,35.0
Tiger Woods PGA Tour,/r/RedditCountryClub,50,0,RedditCountryClub,https://reddit.com/r/RedditCountryClub,2tt94,t5_2tt94,43.0
Quantum Break,/r/quantumbreak,49,0,quantumbreak,https://reddit.com/r/quantumbreak,2xbd5,t5_2xbd5,878.0
Culdcept,/r/Culdcept,48,0,Culdcept,https://reddit.com/r/Culdcept,2tlz0,t5_2tlz0,324.0
Mario RPGs,/r/MarioRPG,48,0,MarioRPG,https://reddit.com/r/MarioRPG,2xo1l,t5_2xo1l,355.0
Battle Forge,/r/BattleForge,43,0,BattleForge,https://reddit.com/r/BattleForge,2sfr0,t5_2sfr0,191.0
Pioneer,/r/pioneerspacesim,40,0,pioneerspacesim,https://reddit.com/r/pioneerspacesim,2xgrt,t5_2xgrt,95.0
Savage XR,/r/savage,38,0,savage,https://reddit.com/r/savage,2sei9,t5_2sei9,642.0
Colony Survival,/r/colonysurvival,38,0,colonysurvival,https://reddit.com/r/colonysurvival,33h9b,t5_33h9b,1394.0
Allegiance,/r/freeallegiance,36,0,freeallegiance,https://reddit.com/r/freeallegiance,2u6dh,t5_2u6dh,71.0
Dark Millennium Online,/r/dmo,34,0,dmo,https://reddit.com/r/dmo,2s4ki,t5_2s4ki,34.0
Galaga,/r/Galaga,33,0,Galaga,https://reddit.com/r/Galaga,2yam0,t5_2yam0,206.0
ToeJam & Earl,/r/toejamandearl,32,0,toejamandearl,https://reddit.com/r/toejamandearl,37cj1,t5_37cj1,623.0
Spartacus Legends,/r/spartacuslegends,31,0,spartacuslegends,https://reddit.com/r/spartacuslegends,2xfyo,t5_2xfyo,42.0
Electronic Super Joy,/r/ElectronicSuperJoy,30,0,ElectronicSuperJoy,https://reddit.com/r/ElectronicSuperJoy,2ydv3,t5_2ydv3,48.0
Blackguards,/r/blackguards,28,0,blackguards,https://reddit.com/r/blackguards,2z8pk,t5_2z8pk,38.0
Ironfell,/r/Ironfell,28,0,Ironfell,https://reddit.com/r/Ironfell,2u3da,t5_2u3da,29.0
Driver,/r/driver,27,0,driver,https://reddit.com/r/driver,2rxne,t5_2rxne,187.0
Risen,/r/Risen,26,0,Risen,https://reddit.com/r/Risen,2tytp,t5_2tytp,79.0
Syndicate,/r/ea_syndicate,25,0,ea_syndicate,https://reddit.com/r/ea_syndicate,2tg96,t5_2tg96,45.0
Soda Drinker Pro,/r/FirstPersonSoda,25,0,FirstPersonSoda,https://reddit.com/r/FirstPersonSoda,33obr,t5_33obr,63.0
Mafia,/r/mafia_2k,24,0,mafia_2k,https://reddit.com/r/mafia_2k,2ul7i,t5_2ul7i,50.0
FAST Racing NEO,/r/FastRacingNeo,24,0,FastRacingNeo,https://reddit.com/r/FastRacingNeo,34m3c,t5_34m3c,124.0
Ladder Slasher,/r/LadderSlasher,23,0,LadderSlasher,https://reddit.com/r/LadderSlasher,2uml4,t5_2uml4,23.0
Resident Evil: The Mercenaries,/r/TheMercenaries,22,0,TheMercenaries,https://reddit.com/r/TheMercenaries,36ef0,t5_36ef0,50.0
Ragnarok Odyssey,/r/RagnarokOdyssey,21,0,RagnarokOdyssey,https://reddit.com/r/RagnarokOdyssey,2vhpf,t5_2vhpf,35.0
Seiken Densetsu/Mana,/r/seiken,21,0,seiken,https://reddit.com/r/seiken,2vj3n,t5_2vj3n,88.0
Legend of Legaia,/r/LegendofLegaia,20,0,LegendofLegaia,https://reddit.com/r/LegendofLegaia,31tgn,t5_31tgn,417.0
Freedom Force,/r/FreedomForce,19,0,FreedomForce,https://reddit.com/r/FreedomForce,2u7mr,t5_2u7mr,47.0
Game of War: Fire Age,/r/GOWFA,19,0,GOWFA,https://reddit.com/r/GOWFA,2y0tn,t5_2y0tn,21.0
WorldAlpha,/r/worldalpha,17,0,worldalpha,https://reddit.com/r/worldalpha,2utos,t5_2utos,18.0
ORBITOR,/r/ORBITOR,16,0,ORBITOR,https://reddit.com/r/ORBITOR,2ur6w,t5_2ur6w,19.0
Contrast,/r/Contrast,15,0,Contrast,https://reddit.com/r/Contrast,2vbu4,t5_2vbu4,29.0
Wolfenstein: The New Order,/r/WTNO,15,0,WTNO,https://reddit.com/r/WTNO,31i47,t5_31i47,49.0
The Darkness,/r/EmbraceTheDarkness,14,0,EmbraceTheDarkness,https://reddit.com/r/EmbraceTheDarkness,2wiup,t5_2wiup,22.0
Pictlogica Final Fantasy,/r/ffpictlogica,13,0,ffpictlogica,https://reddit.com/r/ffpictlogica,37voe,t5_37voe,118.0
The Suffering,/r/thesuffering,12,0,thesuffering,https://reddit.com/r/thesuffering,2xqgu,t5_2xqgu,64.0
Alpha Protocol,/r/alphaprotocol,12,0,alphaprotocol,https://reddit.com/r/alphaprotocol,31irh,t5_31irh,141.0
Fuse,/r/Insomniacs_Fuse,11,0,Insomniacs_Fuse,https://reddit.com/r/Insomniacs_Fuse,2uyf4,t5_2uyf4,10.0
Bridge Project,/r/bridgeproject,10,0,bridgeproject,https://reddit.com/r/bridgeproject,2wsaa,t5_2wsaa,10.0
Carnage Heart,/r/CarnageHeart,10,0,CarnageHeart,https://reddit.com/r/CarnageHeart,2wexj,t5_2wexj,22.0
The Cursed Crusade,/r/cursedcrusade,8,0,cursedcrusade,https://reddit.com/r/cursedcrusade,2sbgv,t5_2sbgv,10.0
Seaworthy,/r/Seaworthy,8,0,Seaworthy,https://reddit.com/r/Seaworthy,36kaf,t5_36kaf,8.0
Goodgame Empire,/r/ggempire,7,0,ggempire,https://reddit.com/r/ggempire,2xjj6,t5_2xjj6,24.0
Jane's Combat Simulations,/r/JanesCombatSims,7,0,JanesCombatSims,https://reddit.com/r/JanesCombatSims,2xhu8,t5_2xhu8,15.0
Ninja Gaiden Sigma 2,/r/ninjagaidensigma2,7,0,ninjagaidensigma2,https://reddit.com/r/ninjagaidensigma2,2vav1,t5_2vav1,24.0
Ninja Gaiden 3,/r/ninjagaiden3,6,0,ninjagaiden3,https://reddit.com/r/ninjagaiden3,2vaup,t5_2vaup,15.0
R.U.S.E.,/r/trueruse,5,0,trueruse,https://reddit.com/r/trueruse,2wfju,t5_2wfju,7.0
Ganbare Goemon,/r/ganbaregoemon,5,0,ganbaregoemon,https://reddit.com/r/ganbaregoemon,33wcu,t5_33wcu,19.0
X-Life,/r/xlife,4,0,xlife,https://reddit.com/r/xlife,2uwzi,t5_2uwzi,4.0
The Elder Scrolls Online (Xbox One),/r/ESOXBOX,3,0,ESOXBOX,https://reddit.com/r/ESOXBOX,38os7,t5_38os7,1417.0
Railroad Tycoon,/r/RailroadTycoonSeries,1,0,RailroadTycoonSeries,https://reddit.com/r/RailroadTycoonSeries,32dz4,t5_32dz4,20.0
Gravity Rush,/r/gravityrush,?,0,gravityrush,https://reddit.com/r/gravityrush,2ubb0,t5_2ubb0,3489.0
Magic: The Gathering,/r/magicTCG,131377,1,magicTCG,https://reddit.com/r/magicTCG,2qn5f,t5_2qn5f,342948.0
Boardgames,/r/boardgames,100633,1,boardgames,https://reddit.com/r/boardgames,2qmjp,t5_2qmjp,2088400.0
RPG,/r/rpg,86739,1,rpg,https://reddit.com/r/rpg,2qh2s,t5_2qh2s,673985.0
Dungeons & Dragons,/r/DnD,86079,1,DnD,https://reddit.com/r/DnD,2r9ei,t5_2r9ei,1210136.0
Chess,/r/chess,38458,1,chess,https://reddit.com/r/chess,2qhr7,t5_2qhr7,140866.0
Warhammer,/r/Warhammer,31490,1,Warhammer,https://reddit.com/r/Warhammer,2qqd4,t5_2qqd4,115430.0
Yu-Gi-Oh,/r/yugioh,24323,1,yugioh,https://reddit.com/r/yugioh,2rpe6,t5_2rpe6,125206.0
Cards Against Humanity,/r/cardsagainsthumanity,22984,1,cardsagainsthumanity,https://reddit.com/r/cardsagainsthumanity,2tafq,t5_2tafq,69337.0
Pathfinder,/r/Pathfinder_RPG,20982,1,Pathfinder_RPG,https://reddit.com/r/Pathfinder_RPG,2trms,t5_2trms,73712.0
Dungeons & Dragons,/r/DungeonsAndDragons,14529,1,DungeonsAndDragons,https://reddit.com/r/DungeonsAndDragons,2qwdo,t5_2qwdo,226339.0
Looking for Group,/r/lfg,9617,1,lfg,https://reddit.com/r/lfg,2rcvr,t5_2rcvr,74621.0
Netrunner,/r/Netrunner,8142,1,Netrunner,https://reddit.com/r/Netrunner,2td0c,t5_2td0c,13283.0
Shadowrun,/r/Shadowrun,7934,1,Shadowrun,https://reddit.com/r/Shadowrun,2s4v2,t5_2s4v2,29124.0
Go/Weiqi/Baduk,/r/baduk,6698,1,baduk,https://reddit.com/r/baduk,2qhqe,t5_2qhqe,19377.0
Pokémon TCG,/r/pkmntcg,6145,1,pkmntcg,https://reddit.com/r/pkmntcg,2s9kv,t5_2s9kv,31972.0
Star Wars: X-Wing Miniatures Game,/r/XWingTMG,6029,1,XWingTMG,https://reddit.com/r/XWingTMG,2vsga,t5_2vsga,27493.0
Warmachine and Hordes,/r/Warmachine,5735,1,Warmachine,https://reddit.com/r/Warmachine,2s3ta,t5_2s3ta,11607.0
Tabletop Games,/r/tabletop,5288,1,tabletop,https://reddit.com/r/tabletop,2qs33,t5_2qs33,17620.0
Munchkin,/r/Munchkin,3875,1,Munchkin,https://reddit.com/r/Munchkin,2s6ol,t5_2s6ol,6786.0
Battle Maps,/r/battlemaps,3706,1,battlemaps,https://reddit.com/r/battlemaps,2ui3x,t5_2ui3x,59386.0
Mini Swap,/r/Miniswap,2401,1,Miniswap,https://reddit.com/r/Miniswap,2sm6t,t5_2sm6t,13644.0
Malifaux,/r/Malifaux,954,1,Malifaux,https://reddit.com/r/Malifaux,2sb38,t5_2sb38,3563.0
Backgammon,/r/backgammon,804,1,backgammon,https://reddit.com/r/backgammon,2qlki,t5_2qlki,2460.0
Car Wars,/r/CarWarsGame,19,1,CarWarsGame,https://reddit.com/r/CarWarsGame,37l1l,t5_37l1l,186.0
Games,/r/Games,621133,2,Games,https://reddit.com/r/Games,2qhwp,t5_2qhwp,1874922.0
Game Deals,/r/GameDeals,316294,2,GameDeals,https://reddit.com/r/GameDeals,2qwx3,t5_2qwx3,651638.0
Fan Theories,/r/FanTheories,142069,2,FanTheories,https://reddit.com/r/FanTheories,2u6rc,t5_2u6rc,564786.0
Montage Parodies,/r/montageparodies,137821,2,montageparodies,https://reddit.com/r/montageparodies,2u49t,t5_2u49t,134735.0
Game Development,/r/gamedev,133319,2,gamedev,https://reddit.com/r/gamedev,2qi0a,t5_2qi0a,349786.0
True Gaming,/r/truegaming,132736,2,truegaming,https://reddit.com/r/truegaming,2sgq6,t5_2sgq6,493731.0
Game Physics,/r/GamePhysics,117467,2,GamePhysics,https://reddit.com/r/GamePhysics,2viau,t5_2viau,856559.0
Gamer News,/r/gamernews,100772,2,gamernews,https://reddit.com/r/gamernews,2sc3f,t5_2sc3f,273238.0
Web Games,/r/WebGames,87691,2,WebGames,https://reddit.com/r/WebGames,2qhoa,t5_2qhoa,101168.0
Game Grumps,/r/gamegrumps,69621,2,gamegrumps,https://reddit.com/r/gamegrumps,2ulfu,t5_2ulfu,208259.0
Indie Gaming,/r/IndieGaming,62395,2,IndieGaming,https://reddit.com/r/IndieGaming,2r0e3,t5_2r0e3,167358.0
Patient Gamers,/r/patientgamers,55381,2,patientgamers,https://reddit.com/r/patientgamers,2t3ad,t5_2t3ad,291435.0
Oculus Rift VR,/r/oculus,51690,2,oculus,https://reddit.com/r/oculus,2uni5,t5_2uni5,172949.0
Steam Deals,/r/steamdeals,47173,2,steamdeals,https://reddit.com/r/steamdeals,2riw6,t5_2riw6,144431.0
Video Game Music,/r/gamemusic,41480,2,gamemusic,https://reddit.com/r/gamemusic,2rmsp,t5_2rmsp,72994.0
PC Gaming Hardware,/r/gamingpc,40177,2,gamingpc,https://reddit.com/r/gamingpc,2sq2y,t5_2sq2y,105572.0
Dirty Gaming,/r/DirtyGaming,40058,2,DirtyGaming,https://reddit.com/r/DirtyGaming,2teqz,t5_2teqz,101230.0
Steam Game Swap,/r/SteamGameSwap,37941,2,SteamGameSwap,https://reddit.com/r/SteamGameSwap,2skv6,t5_2skv6,71208.0
Should I Buy This Game?,/r/ShouldIbuythisgame,35039,2,ShouldIbuythisgame,https://reddit.com/r/ShouldIbuythisgame,2ud8h,t5_2ud8h,453684.0
Speedrunning,/r/speedrun,34925,2,speedrun,https://reddit.com/r/speedrun,2sf9e,t5_2sf9e,132558.0
Game Collecting,/r/gamecollecting,30123,2,gamecollecting,https://reddit.com/r/gamecollecting,2s8fe,t5_2s8fe,107803.0
Gaming 4 Gamers,/r/Gaming4Gamers,29086,2,Gaming4Gamers,https://reddit.com/r/Gaming4Gamers,2x2wj,t5_2x2wj,83235.0
Gift of Games,/r/GiftofGames,26998,2,GiftofGames,https://reddit.com/r/GiftofGames,2tb4r,t5_2tb4r,73784.0
Linux Gaming,/r/linux_gaming,26587,2,linux_gaming,https://reddit.com/r/linux_gaming,2r2u0,t5_2r2u0,105648.0
Creepy Things In Games/Horror Games,/r/creepygaming,22887,2,creepygaming,https://reddit.com/r/creepygaming,2tv55,t5_2tv55,36437.0
Emulation,/r/emulation,22293,2,emulation,https://reddit.com/r/emulation,2qh6d,t5_2qh6d,147604.0
Game Tales,/r/gametales,20536,2,gametales,https://reddit.com/r/gametales,2wqgc,t5_2wqgc,41575.0
Game Design,/r/gamedesign,19272,2,gamedesign,https://reddit.com/r/gamedesign,2qimq,t5_2qimq,77201.0
Let's Play,/r/letsplay,17549,2,letsplay,https://reddit.com/r/letsplay,2qss1,t5_2qss1,54768.0
Game Swap,/r/gameswap,17216,2,gameswap,https://reddit.com/r/gameswap,2rbm7,t5_2rbm7,39514.0
Chiptunes,/r/chiptunes,16524,2,chiptunes,https://reddit.com/r/chiptunes,2qlmr,t5_2qlmr,27046.0
Retro Gaming,/r/retrogaming,15838,2,retrogaming,https://reddit.com/r/retrogaming,2qk6v,t5_2qk6v,106346.0
Gaming Suggestions,/r/gamingsuggestions,15091,2,gamingsuggestions,https://reddit.com/r/gamingsuggestions,2sxyv,t5_2sxyv,61303.0
Gaming News,/r/gamingnews,14633,2,gamingnews,https://reddit.com/r/gamingnews,2rsaw,t5_2rsaw,34132.0
Play it Forward,/r/playitforward,13762,2,playitforward,https://reddit.com/r/playitforward,2s4e5,t5_2s4e5,15074.0
Free Games,/r/freegames,12845,2,freegames,https://reddit.com/r/freegames,2r32q,t5_2r32q,36327.0
Source Filmmaker,/r/SFM,12835,2,SFM,https://reddit.com/r/SFM,2tlh5,t5_2tlh5,19996.0
Ludology,/r/ludology,12807,2,ludology,https://reddit.com/r/ludology,2s9y2,t5_2s9y2,16387.0
Low-End Gaming,/r/lowendgaming,12724,2,lowendgaming,https://reddit.com/r/lowendgaming,2u51f,t5_2u51f,50335.0
Games: The Movie,/r/GamesTheMovie,11955,2,GamesTheMovie,https://reddit.com/r/GamesTheMovie,2x69a,t5_2x69a,15597.0
Did You Know Gaming,/r/DidYouKnowGaming,11936,2,DidYouKnowGaming,https://reddit.com/r/DidYouKnowGaming,2uexv,t5_2uexv,12043.0
eSports,/r/esports,9508,2,esports,https://reddit.com/r/esports,2r08k,t5_2r08k,44322.0
Game Bundles,/r/Gamebundles,8714,2,Gamebundles,https://reddit.com/r/Gamebundles,2t809,t5_2t809,15794.0
Gamer Porn (SFW),/r/GamerPorn,8236,2,GamerPorn,https://reddit.com/r/GamerPorn,2x24p,t5_2x24p,11325.0
Game Society,/r/GameSociety,8118,2,GameSociety,https://reddit.com/r/GameSociety,2sysj,t5_2sysj,9362.0
The Game Theorists,/r/GameTheorists,7384,2,GameTheorists,https://reddit.com/r/GameTheorists,2ycad,t5_2ycad,61299.0
Play My Game,/r/playmygame,6769,2,playmygame,https://reddit.com/r/playmygame,2v8bh,t5_2v8bh,26387.0
AskGames,/r/AskGames,6284,2,AskGames,https://reddit.com/r/AskGames,2tsnh,t5_2tsnh,15777.0
Flash Games,/r/FlashGames,5724,2,FlashGames,https://reddit.com/r/FlashGames,2qhtz,t5_2qhtz,6242.0
MAME,/r/MAME,5715,2,MAME,https://reddit.com/r/MAME,2rbl1,t5_2rbl1,17274.0
LAN Parties,/r/lanparty,5664,2,lanparty,https://reddit.com/r/lanparty,2rggr,t5_2rggr,7374.0
Tip of My Joystick,/r/tipofmyjoystick,5342,2,tipofmyjoystick,https://reddit.com/r/tipofmyjoystick,2vkzr,t5_2vkzr,81403.0
Gaming Circlejerk,/r/Gamingcirclejerk,5260,2,Gamingcirclejerk,https://reddit.com/r/Gamingcirclejerk,2sf2b,t5_2sf2b,223545.0
Game Worlds,/r/gameworlds,5172,2,gameworlds,https://reddit.com/r/gameworlds,2xzmg,t5_2xzmg,4764.0
Simulate,/r/Simulate,4957,2,Simulate,https://reddit.com/r/Simulate,2v5nv,t5_2v5nv,7522.0
60 FPS Gaming GIFs,/r/60fpsGamingGifs,4884,2,60fpsGamingGifs,https://reddit.com/r/60fpsGamingGifs,33w51,t5_33w51,6374.0
Gamer Pals,/r/GamerPals,4796,2,GamerPals,https://reddit.com/r/GamerPals,2wfh2,t5_2wfh2,46193.0
Game Offers,/r/GameOffers,4757,2,GameOffers,https://reddit.com/r/GameOffers,2sfv3,t5_2sfv3,4824.0
Gaming Saves,/r/Gamingsaves,3712,2,Gamingsaves,https://reddit.com/r/Gamingsaves,2yaxc,t5_2yaxc,2983.0
Retro Game Swap,/r/retrogameswap,3636,2,retrogameswap,https://reddit.com/r/retrogameswap,2silg,t5_2silg,6128.0
Long Lost Gamers,/r/longlostgamers,3605,2,longlostgamers,https://reddit.com/r/longlostgamers,2vgp9,t5_2vgp9,11145.0
Game Reviews,/r/gamereviews,3562,2,gamereviews,https://reddit.com/r/gamereviews,2qo03,t5_2qo03,5576.0
Indie Dev,/r/IndieDev,3473,2,IndieDev,https://reddit.com/r/IndieDev,2t1dz,t5_2t1dz,22681.0
Beta Keys,/r/betakeys,3199,2,betakeys,https://reddit.com/r/betakeys,2sad9,t5_2sad9,3755.0
Game Nostalgia,/r/gamenostalgia,3064,2,gamenostalgia,https://reddit.com/r/gamenostalgia,2ror4,t5_2ror4,3782.0
Custom Covers,/r/customcovers,3052,2,customcovers,https://reddit.com/r/customcovers,2sv1d,t5_2sv1d,4827.0
Let's Play Videos,/r/LetsPlayVideos,2946,2,LetsPlayVideos,https://reddit.com/r/LetsPlayVideos,2yvbo,t5_2yvbo,6989.0
Online Games,/r/onlinegames,2907,2,onlinegames,https://reddit.com/r/onlinegames,2qh81,t5_2qh81,3244.0
Survivor Zero,/r/survivorzero,2886,2,survivorzero,https://reddit.com/r/survivorzero,2sn4h,t5_2sn4h,2002.0
Game Ideas,/r/gameideas,2770,2,gameideas,https://reddit.com/r/gameideas,2rh2b,t5_2rh2b,18597.0
Shitty Frag Videos,/r/ShittyFragVideos,2745,2,ShittyFragVideos,https://reddit.com/r/ShittyFragVideos,2vwgi,t5_2vwgi,2082.0
Indie Game Swap,/r/indiegameswap,2730,2,indiegameswap,https://reddit.com/r/indiegameswap,2ucbc,t5_2ucbc,28220.0
BarCraft,/r/BarCraft,2717,2,BarCraft,https://reddit.com/r/BarCraft,2sjsf,t5_2sjsf,2266.0
Stories of War,/r/storiesofwar,2673,2,storiesofwar,https://reddit.com/r/storiesofwar,2uptb,t5_2uptb,2562.0
You Should Play,/r/YouShouldPlay,2599,2,YouShouldPlay,https://reddit.com/r/YouShouldPlay,2vy5p,t5_2vy5p,4297.0
Open Source Games,/r/opensourcegames,2482,2,opensourcegames,https://reddit.com/r/opensourcegames,2rdol,t5_2rdol,6608.0
Angry Video Game Nerd,/r/AVGN,2437,2,AVGN,https://reddit.com/r/AVGN,2rgts,t5_2rgts,5622.0
Video Game Live Streams,/r/vgstreams,2351,2,vgstreams,https://reddit.com/r/vgstreams,2uzn6,t5_2uzn6,5171.0
Loading Screen Thoughts,/r/loadingscreenthoughts,2013,2,loadingscreenthoughts,https://reddit.com/r/loadingscreenthoughts,32py2,t5_32py2,2298.0
Retro Game Porn,/r/RetroGamePorn,2011,2,RetroGamePorn,https://reddit.com/r/RetroGamePorn,31dpy,t5_31dpy,5305.0
Console Repair,/r/consolerepair,1961,2,consolerepair,https://reddit.com/r/consolerepair,2tjv1,t5_2tjv1,6267.0
Gameranks,/r/GameRanks,1905,2,GameRanks,https://reddit.com/r/GameRanks,2sb4j,t5_2sb4j,1666.0
Free-to-Play Games,/r/freetoplaygames,1861,2,freetoplaygames,https://reddit.com/r/freetoplaygames,2u3vd,t5_2u3vd,2395.0
Newgrounds,/r/Newgrounds,1651,2,Newgrounds,https://reddit.com/r/Newgrounds,2qr2d,t5_2qr2d,2730.0
Frag Films,/r/fragfilms,1628,2,fragfilms,https://reddit.com/r/fragfilms,2vgxe,t5_2vgxe,1487.0
Show Off Your Character,/r/ShowOffYourCharacter,1565,2,ShowOffYourCharacter,https://reddit.com/r/ShowOffYourCharacter,2yuod,t5_2yuod,2736.0
Steam Greenlight,/r/greenlightquality,1537,2,greenlightquality,https://reddit.com/r/greenlightquality,2uh79,t5_2uh79,2162.0
4 Sentence Game Reviews,/r/4sentencegamereviews,1427,2,4sentencegamereviews,https://reddit.com/r/4sentencegamereviews,2so1l,t5_2so1l,1363.0
Unreleased Games,/r/UnreleasedGames,1402,2,UnreleasedGames,https://reddit.com/r/UnreleasedGames,2wbga,t5_2wbga,1816.0
Game Mods,/r/GameMods,1400,2,GameMods,https://reddit.com/r/GameMods,2t9tk,t5_2t9tk,1954.0
Machinima,/r/machinima,1354,2,machinima,https://reddit.com/r/machinima,2qqk5,t5_2qqk5,2137.0
Modding Guides,/r/moddingguides,1327,2,moddingguides,https://reddit.com/r/moddingguides,2ruwh,t5_2ruwh,1470.0
Co-op Play,/r/coopplay,1292,2,coopplay,https://reddit.com/r/coopplay,2vo6o,t5_2vo6o,2891.0
What Are You Playing?,/r/whatareyouplaying,1262,2,whatareyouplaying,https://reddit.com/r/whatareyouplaying,2xllc,t5_2xllc,1783.0
SeaNanners,/r/Seananners,1198,2,Seananners,https://reddit.com/r/Seananners,2ulmv,t5_2ulmv,1732.0
Beta Tests,/r/betatests,1190,2,betatests,https://reddit.com/r/betatests,2vu3w,t5_2vu3w,2851.0
Games Journalism,/r/games_journalism,1046,2,games_journalism,https://reddit.com/r/games_journalism,2vh76,t5_2vh76,2375.0
Shitty Steam Games,/r/shittysteamgames,1045,2,shittysteamgames,https://reddit.com/r/shittysteamgames,31mka,t5_31mka,3010.0
Imaginary Gaming,/r/ImaginaryGaming,995,2,ImaginaryGaming,https://reddit.com/r/ImaginaryGaming,2yslk,t5_2yslk,5192.0
Gaming Geek,/r/Gaming_Geek,988,2,Gaming_Geek,https://reddit.com/r/Gaming_Geek,2sdyr,t5_2sdyr,1254.0
Game Wallpaper,/r/gamewallpaper,902,2,gamewallpaper,https://reddit.com/r/gamewallpaper,2t2pe,t5_2t2pe,1049.0
Game Screens,/r/GameScreens,867,2,GameScreens,https://reddit.com/r/GameScreens,2yxqi,t5_2yxqi,2293.0
Zocken (German),/r/zocken,807,2,zocken,https://reddit.com/r/zocken,2vz1s,t5_2vz1s,2075.0
Custom Controllers,/r/customcontrollers,800,2,customcontrollers,https://reddit.com/r/customcontrollers,2xr5v,t5_2xr5v,1694.0
Video Game Mysteries,/r/VideogameMysteries,782,2,VideogameMysteries,https://reddit.com/r/VideogameMysteries,2wqoc,t5_2wqoc,1039.0
Gaming Challenges,/r/GamingChallenges,763,2,GamingChallenges,https://reddit.com/r/GamingChallenges,2uczf,t5_2uczf,684.0
Promote Gaming Videos,/r/PromoteGamingVideos,679,2,PromoteGamingVideos,https://reddit.com/r/PromoteGamingVideos,2y6gz,t5_2y6gz,6831.0
Gaming Fashion,/r/gamingfashion,654,2,gamingfashion,https://reddit.com/r/gamingfashion,2y4s7,t5_2y4s7,711.0
Game Cult,/r/GameCult,614,2,GameCult,https://reddit.com/r/GameCult,2xcap,t5_2xcap,846.0
90s Gamer,/r/90sGamer,603,2,90sGamer,https://reddit.com/r/90sGamer,2tu0e,t5_2tu0e,768.0
Video Game Crossover,/r/VideoGameCrossover,587,2,VideoGameCrossover,https://reddit.com/r/VideoGameCrossover,2wsyt,t5_2wsyt,507.0
Retro Game Music,/r/retrogamemusic,534,2,retrogamemusic,https://reddit.com/r/retrogamemusic,2rwk0,t5_2rwk0,1783.0
Retro Gaming Music,/r/Retrogamingmusic,493,2,Retrogamingmusic,https://reddit.com/r/Retrogamingmusic,2w5y2,t5_2w5y2,992.0
Video Game Reviews,/r/VideoGameReviews,489,2,VideoGameReviews,https://reddit.com/r/VideoGameReviews,2qnql,t5_2qnql,737.0
Glitchers,/r/Glitchers,475,2,Glitchers,https://reddit.com/r/Glitchers,2tigr,t5_2tigr,471.0
Upscaled,/r/Upscaled,464,2,Upscaled,https://reddit.com/r/Upscaled,31xku,t5_31xku,817.0
Gamer Portal,/r/Gamer,455,2,Gamer,https://reddit.com/r/Gamer,2qmqj,t5_2qmqj,2306.0
Easter Eggs,/r/gamingeastereggs,440,2,gamingeastereggs,https://reddit.com/r/gamingeastereggs,2tupd,t5_2tupd,1296.0
Gamer Videos,/r/GamerVideos,434,2,GamerVideos,https://reddit.com/r/GamerVideos,3552v,t5_3552v,1038.0
Kill My Backlog,/r/KillMyBacklog,426,2,KillMyBacklog,https://reddit.com/r/KillMyBacklog,2xgnt,t5_2xgnt,597.0
Battle Forge,/r/gamingvids,418,2,gamingvids,https://reddit.com/r/gamingvids,2tkwg,t5_2tkwg,2962.0
Video Game Metal,/r/videogamemetal,407,2,videogamemetal,https://reddit.com/r/videogamemetal,2u0tp,t5_2u0tp,599.0
Gaming Photography,/r/gamingphotography,397,2,gamingphotography,https://reddit.com/r/gamingphotography,2u06n,t5_2u06n,1281.0
Jeux Vidéo,/r/jeuxvideo,385,2,jeuxvideo,https://reddit.com/r/jeuxvideo,2t54w,t5_2t54w,3050.0
Game Tiles,/r/Gamingtiles,362,2,Gamingtiles,https://reddit.com/r/Gamingtiles,2vg6e,t5_2vg6e,293.0
Homebrews,/r/Homebrews,354,2,Homebrews,https://reddit.com/r/Homebrews,30v53,t5_30v53,2761.0
Gaming Humor,/r/GamingHumor,346,2,GamingHumor,https://reddit.com/r/GamingHumor,2t8b0,t5_2t8b0,628.0
Gaming Mentors,/r/gamingmentors,345,2,gamingmentors,https://reddit.com/r/gamingmentors,2wvrb,t5_2wvrb,352.0
Walkthrough,/r/walkthrough,336,2,walkthrough,https://reddit.com/r/walkthrough,2t1ax,t5_2t1ax,1090.0
Casual Gaming,/r/casualgaming,335,2,casualgaming,https://reddit.com/r/casualgaming,2thqn,t5_2thqn,785.0
Video Game Maps,/r/VideoGameMaps,328,2,VideoGameMaps,https://reddit.com/r/VideoGameMaps,2tld8,t5_2tld8,410.0
Games Worth Playing,/r/gamesworthplaying,326,2,gamesworthplaying,https://reddit.com/r/gamesworthplaying,30h0k,t5_30h0k,452.0
Co-op Gaming,/r/CoOpGaming,313,2,CoOpGaming,https://reddit.com/r/CoOpGaming,2sqie,t5_2sqie,3718.0
Game Stream,/r/gamestream,313,2,gamestream,https://reddit.com/r/gamestream,2uk1p,t5_2uk1p,450.0
Doge for Games,/r/dogeforgames,278,2,dogeforgames,https://reddit.com/r/dogeforgames,2zhcd,t5_2zhcd,220.0
Game Story,/r/gamestory,276,2,gamestory,https://reddit.com/r/gamestory,2tq5u,t5_2tq5u,282.0
Squads,/r/Squads,276,2,Squads,https://reddit.com/r/Squads,2xnc9,t5_2xnc9,217.0
YouTube Gaming,/r/youtubegaming,268,2,youtubegaming,https://reddit.com/r/youtubegaming,2u1oc,t5_2u1oc,23668.0
WTFGames,/r/wtfgames,259,2,wtfgames,https://reddit.com/r/wtfgames,2uj3f,t5_2uj3f,358.0
Sprays,/r/Sprays,253,2,Sprays,https://reddit.com/r/Sprays,2stgp,t5_2stgp,220.0
Free Web Games,/r/FreeWebGames,252,2,FreeWebGames,https://reddit.com/r/FreeWebGames,300ck,t5_300ck,352.0
Gaming Kickstarter,/r/gamingkickstarter,251,2,gamingkickstarter,https://reddit.com/r/gamingkickstarter,2tvfy,t5_2tvfy,315.0
Game-Based Learning,/r/GBL,245,2,GBL,https://reddit.com/r/GBL,2tfc0,t5_2tfc0,472.0
Video Game Art Porn (SFW),/r/videogameartporn,242,2,videogameartporn,https://reddit.com/r/videogameartporn,2tok4,t5_2tok4,467.0
Graphics of Games,/r/GraphicsofGames,230,2,GraphicsofGames,https://reddit.com/r/GraphicsofGames,2ztl4,t5_2ztl4,244.0
Gaming for Leisure,/r/gamingforleisure,223,2,gamingforleisure,https://reddit.com/r/gamingforleisure,2ty52,t5_2ty52,231.0
Video Game Conspiracies,/r/VideoGameConspiracies,223,2,VideoGameConspiracies,https://reddit.com/r/VideoGameConspiracies,2xhz3,t5_2xhz3,443.0
Free MMORPGs,/r/freemmorpgs,214,2,freemmorpgs,https://reddit.com/r/freemmorpgs,2uau2,t5_2uau2,339.0
Video Game Tales,/r/videogametales,205,2,videogametales,https://reddit.com/r/videogametales,325oz,t5_325oz,263.0
Gaming Advice,/r/gamingadvice,204,2,gamingadvice,https://reddit.com/r/gamingadvice,2ugiu,t5_2ugiu,294.0
Make My Game,/r/MakeMyGame,189,2,MakeMyGame,https://reddit.com/r/MakeMyGame,2zneo,t5_2zneo,866.0
Free Online Gaming,/r/freeonlinegaming,177,2,freeonlinegaming,https://reddit.com/r/freeonlinegaming,2urux,t5_2urux,264.0
Flash Gamers,/r/flashgamers,173,2,flashgamers,https://reddit.com/r/flashgamers,2sh58,t5_2sh58,177.0
Dead Games,/r/DeadGames,167,2,DeadGames,https://reddit.com/r/DeadGames,2x7vb,t5_2x7vb,269.0
Gamescom,/r/Gamescom,148,2,Gamescom,https://reddit.com/r/Gamescom,2s2o3,t5_2s2o3,1538.0
Just Games,/r/justgames,142,2,justgames,https://reddit.com/r/justgames,30djb,t5_30djb,136.0
Gameplay Videos,/r/gameplayvideos,115,2,gameplayvideos,https://reddit.com/r/gameplayvideos,2vqzo,t5_2vqzo,605.0
Great Steam Games,/r/greatsteamgames,108,2,greatsteamgames,https://reddit.com/r/greatsteamgames,38bje,t5_38bje,182.0
Quick Looks,/r/quicklooks,106,2,quicklooks,https://reddit.com/r/quicklooks,2wuvr,t5_2wuvr,104.0
Complete Video Games,/r/completegaming,104,2,completegaming,https://reddit.com/r/completegaming,2tect,t5_2tect,156.0
Crazy Game Ideas,/r/CrazyGameIdeas,93,2,CrazyGameIdeas,https://reddit.com/r/CrazyGameIdeas,2xv7w,t5_2xv7w,431.0
Game Swap Europe,/r/GameswapEurope,90,2,GameswapEurope,https://reddit.com/r/GameswapEurope,2tg63,t5_2tg63,102.0
Geek Merchandise,/r/geekmerch,89,2,geekmerch,https://reddit.com/r/geekmerch,361qd,t5_361qd,126.0
Game Drawings,/r/gamedrawings,81,2,gamedrawings,https://reddit.com/r/gamedrawings,2xyi5,t5_2xyi5,134.0
Future Games,/r/FutureGames,76,2,FutureGames,https://reddit.com/r/FutureGames,2znw3,t5_2znw3,378.0
Find Games,/r/findgames,74,2,findgames,https://reddit.com/r/findgames,2wugb,t5_2wugb,263.0
Gaming Music Videos,/r/GamingMusicVideos,68,2,GamingMusicVideos,https://reddit.com/r/GamingMusicVideos,2x20j,t5_2x20j,213.0
Gamer Problems,/r/gamerproblems,54,2,gamerproblems,https://reddit.com/r/gamerproblems,2udbe,t5_2udbe,98.0
Gaming Tutorials,/r/GGT,51,2,GGT,https://reddit.com/r/GGT,2s9fo,t5_2s9fo,69.0
Gaming Gear,/r/Gaming_Gear,49,2,Gaming_Gear,https://reddit.com/r/Gaming_Gear,35bil,t5_35bil,1803.0
Game Furniture,/r/gamefurniture,44,2,gamefurniture,https://reddit.com/r/gamefurniture,2xzlt,t5_2xzlt,83.0
Gaming Is Beautiful,/r/GamingIsBeautiful,43,2,GamingIsBeautiful,https://reddit.com/r/GamingIsBeautiful,2w8ci,t5_2w8ci,200.0
Social Gaming,/r/socialgaming,42,2,socialgaming,https://reddit.com/r/socialgaming,2qyem,t5_2qyem,62.0
Game Infirmary,/r/GameInfirmary,28,2,GameInfirmary,https://reddit.com/r/GameInfirmary,2v9b9,t5_2v9b9,34.0
Norse Gaming,/r/NorseGaming,28,2,NorseGaming,https://reddit.com/r/NorseGaming,2xwri,t5_2xwri,49.0
Gaming Mommies,/r/gamingmommies,26,2,gamingmommies,https://reddit.com/r/gamingmommies,2xr44,t5_2xr44,70.0
Gaming Thoughts,/r/Gamingthoughts,24,2,Gamingthoughts,https://reddit.com/r/Gamingthoughts,2xum9,t5_2xum9,67.0
Gamefilm,/r/gamefilm,23,2,gamefilm,https://reddit.com/r/gamefilm,2yatk,t5_2yatk,40.0
Guild of Games,/r/guildofgames,21,2,guildofgames,https://reddit.com/r/guildofgames,2u2fa,t5_2u2fa,30.0
Wacky Gaming,/r/WackyGaming,21,2,WackyGaming,https://reddit.com/r/WackyGaming,2ub9m,t5_2ub9m,38.0
Video Game Research,/r/videogameresearch,20,2,videogameresearch,https://reddit.com/r/videogameresearch,2r6zk,t5_2r6zk,48.0
Retro Phone Gaming,/r/retrophonegaming,18,2,retrophonegaming,https://reddit.com/r/retrophonegaming,2y9hz,t5_2y9hz,42.0
Masochistic Gamers,/r/masochisticgamers,17,2,masochisticgamers,https://reddit.com/r/masochisticgamers,2uje2,t5_2uje2,34.0
Gameplay Unlimited,/r/GameplayUnlimited,14,2,GameplayUnlimited,https://reddit.com/r/GameplayUnlimited,2xbrc,t5_2xbrc,51.0
Multiplayer Game Servers,/r/multiplayerservers,13,2,multiplayerservers,https://reddit.com/r/multiplayerservers,2xe6q,t5_2xe6q,21.0
Game Commentator Swap,/r/GameCommentatorSwap,10,2,GameCommentatorSwap,https://reddit.com/r/GameCommentatorSwap,2uz8d,t5_2uz8d,15.0
Community-Controlled Games,/r/CCGstudies,10,2,CCGstudies,https://reddit.com/r/CCGstudies,321ex,t5_321ex,48.0
ingaming,/r/ingaming,9,2,ingaming,https://reddit.com/r/ingaming,2wdkq,t5_2wdkq,12.0
Gaming History,/r/gaminghistory,9,2,gaminghistory,https://reddit.com/r/gaminghistory,2qpoz,t5_2qpoz,185.0
StreamRequest,/r/StreamRequest,9,2,StreamRequest,https://reddit.com/r/StreamRequest,38gbc,t5_38gbc,14.0
Play 'n' Trade,/r/Playntrade,8,2,Playntrade,https://reddit.com/r/Playntrade,2xv1y,t5_2xv1y,13.0
Gaming Peripherals,/r/GamingPeripherals,5,2,GamingPeripherals,https://reddit.com/r/GamingPeripherals,2urg2,t5_2urg2,90.0
Gamer Confessions,/r/GamerConfessions,4,2,GamerConfessions,https://reddit.com/r/GamerConfessions,38eit,t5_38eit,38.0
Server Reviews,/r/ServerReviews,2,2,ServerReviews,https://reddit.com/r/ServerReviews,2zqbd,t5_2zqbd,7.0
Pure Gameplay,/r/puregameplay,2,2,puregameplay,https://reddit.com/r/puregameplay,33eu6,t5_33eu6,41.0
Gameplay Commentary,/r/GameplayCommentary,2,2,GameplayCommentary,https://reddit.com/r/GameplayCommentary,2tlcj,t5_2tlcj,32.0
Gamesell,/r/gamesell,?,2,gamesell,https://reddit.com/r/gamesell,2sl9f,t5_2sl9f,3994.0
MMORPG,/r/MMORPG,24962,3,MMORPG,https://reddit.com/r/MMORPG,2qlxw,t5_2qlxw,114466.0
Japanese RPG,/r/JRPG,24651,3,JRPG,https://reddit.com/r/JRPG,2quw1,t5_2quw1,64965.0
RPG Gamers,/r/rpg_gamers,23883,3,rpg_gamers,https://reddit.com/r/rpg_gamers,2su0w,t5_2su0w,56281.0
Football Manager Games,/r/footballmanagergames,18988,3,footballmanagergames,https://reddit.com/r/footballmanagergames,2s0w5,t5_2s0w5,96250.0
Roguelikes,/r/roguelikes,17167,3,roguelikes,https://reddit.com/r/roguelikes,2rhpi,t5_2rhpi,40340.0
Visual Novels,/r/visualnovels,16033,3,visualnovels,https://reddit.com/r/visualnovels,2r5yf,t5_2r5yf,73265.0
Flight Simulation,/r/flightsim,10453,3,flightsim,https://reddit.com/r/flightsim,2qspy,t5_2qspy,59865.0
Sim Racing,/r/simracing,9566,3,simracing,https://reddit.com/r/simracing,2quee,t5_2quee,74308.0
Fighting Games,/r/Fighters,8971,3,Fighters,https://reddit.com/r/Fighters,2s5rz,t5_2s5rz,28850.0
4XGaming,/r/4Xgaming,5779,3,4Xgaming,https://reddit.com/r/4Xgaming,2sf8w,t5_2sf8w,14667.0
Tycoon Games,/r/tycoon,4707,3,tycoon,https://reddit.com/r/tycoon,2t8iw,t5_2t8iw,15468.0
Truck Simulators,/r/trucksim,4196,3,trucksim,https://reddit.com/r/trucksim,2sbs2,t5_2sbs2,25247.0
Base-Building Games,/r/BaseBuildingGames,3994,3,BaseBuildingGames,https://reddit.com/r/BaseBuildingGames,2uapd,t5_2uapd,14702.0
Roguelike Developers,/r/roguelikedev,3359,3,roguelikedev,https://reddit.com/r/roguelikedev,2si41,t5_2si41,21625.0
Real Time Strategy,/r/RealTimeStrategy,2978,3,RealTimeStrategy,https://reddit.com/r/RealTimeStrategy,2sbgm,t5_2sbgm,11878.0
MUD,/r/MUD,2756,3,MUD,https://reddit.com/r/MUD,2quk5,t5_2quk5,8071.0
Survival Horror,/r/survivalhorror,2677,3,survivalhorror,https://reddit.com/r/survivalhorror,2sn9m,t5_2sn9m,6075.0
Horror Gaming,/r/HorrorGaming,2623,3,HorrorGaming,https://reddit.com/r/HorrorGaming,2w4bb,t5_2w4bb,16323.0
Adventure Games,/r/adventuregames,2617,3,adventuregames,https://reddit.com/r/adventuregames,2rzjl,t5_2rzjl,6254.0
Survival Gaming,/r/SurvivalGaming,2248,3,SurvivalGaming,https://reddit.com/r/SurvivalGaming,2xqag,t5_2xqag,6458.0
Space Sim Games,/r/spacesimgames,2198,3,spacesimgames,https://reddit.com/r/spacesimgames,2u6r8,t5_2u6r8,4312.0
Interactive Fiction,/r/interactivefiction,1732,3,interactivefiction,https://reddit.com/r/interactivefiction,2qyx9,t5_2qyx9,4891.0
Metroidvania,/r/metroidvania,1436,3,metroidvania,https://reddit.com/r/metroidvania,2tvxq,t5_2tvxq,15312.0
Turn Based Strategy,/r/tbs,1216,3,tbs,https://reddit.com/r/tbs,2qqfl,t5_2qqfl,3216.0
Soccer Gaming,/r/soccergaming,1168,3,soccergaming,https://reddit.com/r/soccergaming,2sjth,t5_2sjth,1169.0
Shoot 'em Ups (Shmups),/r/shmups,1091,3,shmups,https://reddit.com/r/shmups,2r4cd,t5_2r4cd,3923.0
Stealth Games,/r/stealthgames,1087,3,stealthgames,https://reddit.com/r/stealthgames,2u9i8,t5_2u9i8,1849.0
Strategy Games,/r/StrategyGames,1023,3,StrategyGames,https://reddit.com/r/StrategyGames,2t4fh,t5_2t4fh,3502.0
Simulation,/r/SimulationGaming,410,3,SimulationGaming,https://reddit.com/r/SimulationGaming,30jsl,t5_30jsl,1529.0
Hack and Slash,/r/HackAndSlash,312,3,HackAndSlash,https://reddit.com/r/HackAndSlash,2u2ts,t5_2u2ts,479.0
Rhythm Games,/r/rhythmgames,250,3,rhythmgames,https://reddit.com/r/rhythmgames,2qlqn,t5_2qlqn,4744.0
Platformer,/r/platformer,241,3,platformer,https://reddit.com/r/platformer,2x9tx,t5_2x9tx,870.0
Horror Game Videos,/r/HorrorGameVideos,170,3,HorrorGameVideos,https://reddit.com/r/HorrorGameVideos,2yf0c,t5_2yf0c,786.0
Dinosaur Video Games,/r/DinoVGs,145,3,DinoVGs,https://reddit.com/r/DinoVGs,37lfe,t5_37lfe,310.0
8-Bit World,/r/8bitworld,104,3,8bitworld,https://reddit.com/r/8bitworld,2xdml,t5_2xdml,176.0
Platforming,/r/platforming,49,3,platforming,https://reddit.com/r/platforming,2xxvg,t5_2xxvg,114.0
Games Like Minecraft,/r/gameslikeminecraft,19,3,gameslikeminecraft,https://reddit.com/r/gameslikeminecraft,2xeb2,t5_2xeb2,34.0
Fantasy Gaming,/r/FantasyGaming,1,3,FantasyGaming,https://reddit.com/r/FantasyGaming,37iru,t5_37iru,58.0
First-Person Shooter (FPS),/r/FPS,?,3,FPS,https://reddit.com/r/FPS,2qiup,t5_2qiup,898.0
Open World Games,/r/openworldgames,?,3,openworldgames,https://reddit.com/r/openworldgames,31jxv,t5_31jxv,339.0
Mindcrack,/r/mindcrack,50497,4,mindcrack,https://reddit.com/r/mindcrack,2to85,t5_2to85,43018.0
Gaymers,/r/gaymers,41196,4,gaymers,https://reddit.com/r/gaymers,2s9n5,t5_2s9n5,129170.0
Girl Gamers,/r/GirlGamers,33526,4,GirlGamers,https://reddit.com/r/GirlGamers,2rfec,t5_2rfec,78881.0
Reddit Gaming Night,/r/Playdate,16067,4,Playdate,https://reddit.com/r/Playdate,2spg8,t5_2spg8,15714.0
Eve Dreddit Corp,/r/evedreddit,8979,4,evedreddit,https://reddit.com/r/evedreddit,2rhwu,t5_2rhwu,9574.0
Minecraft: Reddit Servers,/r/mcpublic,6834,4,mcpublic,https://reddit.com/r/mcpublic,2s52h,t5_2s52h,6245.0
Ultra Hardcore,/r/ultrahardcore,6446,4,ultrahardcore,https://reddit.com/r/ultrahardcore,2tswi,t5_2tswi,9949.0
Ent Gaming,/r/entgaming,5833,4,entgaming,https://reddit.com/r/entgaming,2snfu,t5_2snfu,6891.0
Pure Battlefield,/r/purebattlefield,3821,4,purebattlefield,https://reddit.com/r/purebattlefield,2ujr3,t5_2ujr3,2938.0
Reddit Brigade,/r/RedditBrigade,3632,4,RedditBrigade,https://reddit.com/r/RedditBrigade,2sh0t,t5_2sh0t,3512.0
ProjectAwesome,/r/ProjectAwesome,2023,4,ProjectAwesome,https://reddit.com/r/ProjectAwesome,2sot4,t5_2sot4,1780.0
Reddit Dads,/r/RedditDads,1904,4,RedditDads,https://reddit.com/r/RedditDads,2yul2,t5_2yul2,8394.0
Reddit's WoW Guild,/r/redditguild,1841,4,redditguild,https://reddit.com/r/redditguild,2reym,t5_2reym,1696.0
Reddit's Unoffical Gaming Community,/r/RUGC,1662,4,RUGC,https://reddit.com/r/RUGC,2r3ha,t5_2r3ha,1226.0
Test Outfit,/r/TestOutfit,1436,4,TestOutfit,https://reddit.com/r/TestOutfit,2t6h2,t5_2t6h2,1309.0
Free Hugs Battlefield 3,/r/freehugsbf3,1223,4,freehugsbf3,https://reddit.com/r/freehugsbf3,2tw2p,t5_2tw2p,906.0
Reddit's Horde Guild,/r/FTH,1108,4,FTH,https://reddit.com/r/FTH,2rw0b,t5_2rw0b,1192.0
Reddit's Guildwars Guild,/r/redditgw,1100,4,redditgw,https://reddit.com/r/redditgw,2rhep,t5_2rhep,939.0
Classic Battlefield,/r/classicbattlefield,859,4,classicbattlefield,https://reddit.com/r/classicbattlefield,2rp6y,t5_2rp6y,1083.0
Disabled Gamers,/r/disabledgamers,850,4,disabledgamers,https://reddit.com/r/disabledgamers,35ubo,t5_35ubo,2281.0
Guild Wars 2 EU,/r/GW2EU,827,4,GW2EU,https://reddit.com/r/GW2EU,2tqd5,t5_2tqd5,812.0
Subdreddit (Dust 514),/r/subdreddit,818,4,subdreddit,https://reddit.com/r/subdreddit,2tyox,t5_2tyox,645.0
Black Girl Gamers,/r/blackgirlgamers,626,4,blackgirlgamers,https://reddit.com/r/blackgirlgamers,2tvmq,t5_2tvmq,1612.0
Indian Gaming,/r/IndianGaming,526,4,IndianGaming,https://reddit.com/r/IndianGaming,2tn4t,t5_2tn4t,11553.0
Clear Backblast!,/r/ClearBackblast,525,4,ClearBackblast,https://reddit.com/r/ClearBackblast,2vqyb,t5_2vqyb,945.0
Dads Gaming,/r/DadsGaming,452,4,DadsGaming,https://reddit.com/r/DadsGaming,32bw1,t5_32bw1,2256.0
Zeldents,/r/zeldents,408,4,zeldents,https://reddit.com/r/zeldents,2tr0g,t5_2tr0g,566.0
Adult Gamers,/r/AdultGamers,348,4,AdultGamers,https://reddit.com/r/AdultGamers,2vq3w,t5_2vq3w,745.0
RDDT,/r/RDDT,346,4,RDDT,https://reddit.com/r/RDDT,2rkkh,t5_2rkkh,303.0
Chicago Gaming,/r/ChicagoGaming,318,4,ChicagoGaming,https://reddit.com/r/ChicagoGaming,2z6fu,t5_2z6fu,727.0
Reddit Gaymer's Horde Guild,/r/wowgaymers,313,4,wowgaymers,https://reddit.com/r/wowgaymers,2spym,t5_2spym,362.0
Gaming Quebec,/r/GamingQuebec,241,4,GamingQuebec,https://reddit.com/r/GamingQuebec,2xluh,t5_2xluh,394.0
Achievement Hunt,/r/AchievementHunt,237,4,AchievementHunt,https://reddit.com/r/AchievementHunt,2ue8y,t5_2ue8y,233.0
Free Hugs Minecraft,/r/freehugsmc,191,4,freehugsmc,https://reddit.com/r/freehugsmc,2u5zn,t5_2u5zn,153.0
Serbia Gaming,/r/SerbiaGaming,156,4,SerbiaGaming,https://reddit.com/r/SerbiaGaming,2yi78,t5_2yi78,329.0
Australia Gaming,/r/ausgaming,153,4,ausgaming,https://reddit.com/r/ausgaming,2t1ht,t5_2t1ht,277.0
Drunken Gamery,/r/DrunkenGamery,128,4,DrunkenGamery,https://reddit.com/r/DrunkenGamery,2yry0,t5_2yry0,162.0
360gamers,/r/360gamers,91,4,360gamers,https://reddit.com/r/360gamers,2uaub,t5_2uaub,97.0
Progressive Gamers,/r/ProgressiveGamers,51,4,ProgressiveGamers,https://reddit.com/r/ProgressiveGamers,378l9,t5_378l9,110.0
Steam,/r/Steam,221306,5,Steam,https://reddit.com/r/Steam,2qwis,t5_2qwis,656497.0
PlayStation 4,/r/PS4,185728,5,PS4,https://reddit.com/r/PS4,2rrlp,t5_2rrlp,2592156.0
PC,/r/pcgaming,140616,5,pcgaming,https://reddit.com/r/pcgaming,2qhfg,t5_2qhfg,1477710.0
Xbox One,/r/xboxone,129781,5,xboxone,https://reddit.com/r/xboxone,2xbci,t5_2xbci,1516431.0
3DS,/r/3DS,96550,5,3DS,https://reddit.com/r/3DS,2ruhy,t5_2ruhy,450310.0
Wii U,/r/wiiu,75371,5,wiiu,https://reddit.com/r/wiiu,2sjnz,t5_2sjnz,563020.0
PlayStation 3,/r/PS3,70151,5,PS3,https://reddit.com/r/PS3,2qhhw,t5_2qhhw,78888.0
Android,/r/AndroidGaming,52639,5,AndroidGaming,https://reddit.com/r/AndroidGaming,2s2ul,t5_2s2ul,164674.0
Xbox 360,/r/xbox360,47702,5,xbox360,https://reddit.com/r/xbox360,2qhk2,t5_2qhk2,53655.0
PlayStation Vita,/r/vita,45571,5,vita,https://reddit.com/r/vita,2sjmv,t5_2sjmv,80204.0
PlayStation Plus,/r/PlayStationPlus,31009,5,PlayStationPlus,https://reddit.com/r/PlayStationPlus,2u8bb,t5_2u8bb,87392.0
iOS,/r/iosgaming,26379,5,iosgaming,https://reddit.com/r/iosgaming,2sc2s,t5_2sc2s,86185.0
PlayStation,/r/playstation,19459,5,playstation,https://reddit.com/r/playstation,2qh6b,t5_2qh6b,179673.0
Mac,/r/macgaming,13329,5,macgaming,https://reddit.com/r/macgaming,2rk3e,t5_2rk3e,24771.0
Arcade/MAME Cabinets,/r/cade,11435,5,cade,https://reddit.com/r/cade,2snqq,t5_2snqq,30372.0
SNES,/r/snes,11434,5,snes,https://reddit.com/r/snes,2rany,t5_2rany,67769.0
Xbox,/r/xbox,11080,5,xbox,https://reddit.com/r/xbox,2qoih,t5_2qoih,74999.0
Nintendo 64,/r/n64,8285,5,n64,https://reddit.com/r/n64,2s34r,t5_2s34r,76854.0
OUYA,/r/ouya,7778,5,ouya,https://reddit.com/r/ouya,2uhbj,t5_2uhbj,6653.0
NES,/r/nes,7159,5,nes,https://reddit.com/r/nes,2r529,t5_2r529,52852.0
Wii,/r/wii,7112,5,wii,https://reddit.com/r/wii,2qi9g,t5_2qi9g,18600.0
Game Boy,/r/Gameboy,5808,5,Gameboy,https://reddit.com/r/Gameboy,2s0qt,t5_2s0qt,70653.0
GameCube,/r/Gamecube,5378,5,Gamecube,https://reddit.com/r/Gamecube,2sbwh,t5_2sbwh,26723.0
Sega Dreamcast,/r/dreamcast,5227,5,dreamcast,https://reddit.com/r/dreamcast,2rklc,t5_2rklc,14794.0
PlayStation Portable,/r/PSP,5114,5,PSP,https://reddit.com/r/PSP,2qjts,t5_2qjts,20402.0
PlayStation Network Friends,/r/PSNFriends,4682,5,PSNFriends,https://reddit.com/r/PSNFriends,2wgrn,t5_2wgrn,13737.0
Consoles,/r/consoles,4205,5,consoles,https://reddit.com/r/consoles,2qxn6,t5_2qxn6,9116.0
PlayStation Trophies,/r/Trophies,3603,5,Trophies,https://reddit.com/r/Trophies,2vath,t5_2vath,21783.0
PlayStation 2,/r/ps2,2876,5,ps2,https://reddit.com/r/ps2,2r8uk,t5_2r8uk,25533.0
Sega Genesis / Mega Drive,/r/SEGAGENESIS,1895,5,SEGAGENESIS,https://reddit.com/r/SEGAGENESIS,2s7x2,t5_2s7x2,6993.0
Commodore 64,/r/c64,1751,5,c64,https://reddit.com/r/c64,2qin7,t5_2qin7,6711.0
Amiga,/r/amiga,1639,5,amiga,https://reddit.com/r/amiga,2qikh,t5_2qikh,5985.0
PlayStation 3 Deals,/r/ps3deals,1594,5,ps3deals,https://reddit.com/r/ps3deals,2v655,t5_2v655,2807.0
Sega Saturn,/r/SegaSaturn,1433,5,SegaSaturn,https://reddit.com/r/SegaSaturn,2rk38,t5_2rk38,6048.0
PlayStation,/r/psx,1327,5,psx,https://reddit.com/r/psx,2sayt,t5_2sayt,15973.0
DOS Gaming,/r/dosgaming,1032,5,dosgaming,https://reddit.com/r/dosgaming,2rnsx,t5_2rnsx,4779.0
Apple II,/r/apple2,784,5,apple2,https://reddit.com/r/apple2,2rftp,t5_2rftp,2569.0
Sega CD / Mega-CD,/r/SegaCD,663,5,SegaCD,https://reddit.com/r/SegaCD,2s6uc,t5_2s6uc,1824.0
Commodore,/r/Commodore,620,5,Commodore,https://reddit.com/r/Commodore,2r4yt,t5_2r4yt,2723.0
Sega Genesis / Mega Drive,/r/Megadrive,590,5,Megadrive,https://reddit.com/r/Megadrive,2vqai,t5_2vqai,3282.0
Neo Geo,/r/neogeo,536,5,neogeo,https://reddit.com/r/neogeo,2r6fm,t5_2r6fm,2718.0
ZX Spectrum,/r/zxspectrum,504,5,zxspectrum,https://reddit.com/r/zxspectrum,2ttxf,t5_2ttxf,1901.0
Atari 2600,/r/Atari2600,480,5,Atari2600,https://reddit.com/r/Atari2600,2tas8,t5_2tas8,2601.0
Sega Master System and Game Gear,/r/SMSGG,478,5,SMSGG,https://reddit.com/r/SMSGG,2s7x1,t5_2s7x1,854.0
PlayStation Solutions,/r/PlayStationSolutions,435,5,PlayStationSolutions,https://reddit.com/r/PlayStationSolutions,2zn3f,t5_2zn3f,822.0
Virtual Boy,/r/VirtualBoy,407,5,VirtualBoy,https://reddit.com/r/VirtualBoy,2suzk,t5_2suzk,1438.0
Sega 32X,/r/SEGA32X,399,5,SEGA32X,https://reddit.com/r/SEGA32X,2w47f,t5_2w47f,1588.0
Console Gaming,/r/consolegaming,370,5,consolegaming,https://reddit.com/r/consolegaming,2s91f,t5_2s91f,566.0
TurboGrafx,/r/TurboGrafx,342,5,TurboGrafx,https://reddit.com/r/TurboGrafx,2zjza,t5_2zjza,1918.0
Sega Master System,/r/MasterSystem,285,5,MasterSystem,https://reddit.com/r/MasterSystem,30eyb,t5_30eyb,1566.0
Mobile Gaming,/r/MobileGaming,258,5,MobileGaming,https://reddit.com/r/MobileGaming,2rkn8,t5_2rkn8,6136.0
3DO,/r/3DO,213,5,3DO,https://reddit.com/r/3DO,2sfe2,t5_2sfe2,880.0
Sega Game Gear,/r/game_gear,211,5,game_gear,https://reddit.com/r/game_gear,30li0,t5_30li0,1281.0
Atari 8-bit,/r/atari8bit,210,5,atari8bit,https://reddit.com/r/atari8bit,2z7cm,t5_2z7cm,1153.0
Atari ST,/r/atarist,207,5,atarist,https://reddit.com/r/atarist,2z4o6,t5_2z4o6,1041.0
ColecoVision,/r/ColecoVision,186,5,ColecoVision,https://reddit.com/r/ColecoVision,2y7km,t5_2y7km,610.0
Sega CD / Mega-CD,/r/MegaCD,182,5,MegaCD,https://reddit.com/r/MegaCD,31edf,t5_31edf,643.0
Desura,/r/Desura,178,5,Desura,https://reddit.com/r/Desura,2spew,t5_2spew,198.0
TRS-80,/r/trs80,178,5,trs80,https://reddit.com/r/trs80,2tbvr,t5_2tbvr,659.0
MSX,/r/MSX,168,5,MSX,https://reddit.com/r/MSX,2snht,t5_2snht,690.0
Amstrad CPC,/r/Amstrad,154,5,Amstrad,https://reddit.com/r/Amstrad,2tu2f,t5_2tu2f,555.0
Intellivision,/r/INTV,149,5,INTV,https://reddit.com/r/INTV,2znvn,t5_2znvn,423.0
Atari Jaguar,/r/AtariJaguar,144,5,AtariJaguar,https://reddit.com/r/AtariJaguar,2sid6,t5_2sid6,680.0
Vectrex,/r/Vectrex,139,5,Vectrex,https://reddit.com/r/Vectrex,2xw7m,t5_2xw7m,579.0
TI-99/4A,/r/ti994a,138,5,ti994a,https://reddit.com/r/ti994a,2uswd,t5_2uswd,493.0
PlayStation 3 Tech Help,/r/Ps3TechHelp,133,5,Ps3TechHelp,https://reddit.com/r/Ps3TechHelp,2vnk8,t5_2vnk8,130.0
PlayStation Home,/r/PlaystationHome,133,5,PlaystationHome,https://reddit.com/r/PlaystationHome,2x6dt,t5_2x6dt,315.0
BBC Micro,/r/bbcmicro,132,5,bbcmicro,https://reddit.com/r/bbcmicro,2ttyx,t5_2ttyx,454.0
GFW Live,/r/GFWLive,129,5,GFWLive,https://reddit.com/r/GFWLive,2s729,t5_2s729,125.0
Pandora,/r/openpandora,124,5,openpandora,https://reddit.com/r/openpandora,2rehr,t5_2rehr,173.0
Atari 7800,/r/atari7800,115,5,atari7800,https://reddit.com/r/atari7800,2yx2i,t5_2yx2i,518.0
Atari Lynx,/r/atarilynx,111,5,atarilynx,https://reddit.com/r/atarilynx,2yx6z,t5_2yx6z,453.0
Atari 5200,/r/atari5200,97,5,atari5200,https://reddit.com/r/atari5200,2yx2a,t5_2yx2a,384.0
N-Gage,/r/ngage,81,5,ngage,https://reddit.com/r/ngage,2skye,t5_2skye,349.0
Magnavox Odyssey²,/r/odyssey2,80,5,odyssey2,https://reddit.com/r/odyssey2,2sqpp,t5_2sqpp,262.0
Magnavox Odyssey,/r/MagnavoxOdyssey,72,5,MagnavoxOdyssey,https://reddit.com/r/MagnavoxOdyssey,2zjpz,t5_2zjpz,199.0
X68000,/r/sharpx68000,72,5,sharpx68000,https://reddit.com/r/sharpx68000,2to8x,t5_2to8x,337.0
Handheld,/r/handheld,69,5,handheld,https://reddit.com/r/handheld,2sdwk,t5_2sdwk,153.0
Sega SG-1000,/r/SG1000,53,5,SG1000,https://reddit.com/r/SG1000,2zju9,t5_2zju9,201.0
Astrocade,/r/Astrocade,48,5,Astrocade,https://reddit.com/r/Astrocade,2zjqq,t5_2zjqq,152.0
Channel F,/r/ChannelF,43,5,ChannelF,https://reddit.com/r/ChannelF,2zjow,t5_2zjow,131.0
Microvision,/r/Microvision,36,5,Microvision,https://reddit.com/r/Microvision,2zjpm,t5_2zjpm,112.0
Pocket Gamers,/r/PocketGamers,25,5,PocketGamers,https://reddit.com/r/PocketGamers,36xv7,t5_36xv7,224.0
Nintendo,/r/nintendo,94455,6,nintendo,https://reddit.com/r/nintendo,2qhnk,t5_2qhnk,1211481.0
Twitch,/r/Twitch,33357,6,Twitch,https://reddit.com/r/Twitch,2s0fe,t5_2s0fe,524159.0
Paradox Interactive,/r/paradoxplaza,31056,6,paradoxplaza,https://reddit.com/r/paradoxplaza,2su3h,t5_2su3h,126530.0
Valve,/r/valve,12265,6,valve,https://reddit.com/r/valve,2qzqs,t5_2qzqs,29732.0
Casual Nintendo,/r/casualnintendo,5478,6,casualnintendo,https://reddit.com/r/casualnintendo,2uz4o,t5_2uz4o,35595.0
Square Enix,/r/SquareEnix,3651,6,SquareEnix,https://reddit.com/r/SquareEnix,2sj5h,t5_2sj5h,11510.0
Atlus,/r/atlus,3294,6,atlus,https://reddit.com/r/atlus,2s9gj,t5_2s9gj,5355.0
Telltale Games,/r/telltale,2947,6,telltale,https://reddit.com/r/telltale,2x3x7,t5_2x3x7,10594.0
Rockstar Games,/r/rockstar,2433,6,rockstar,https://reddit.com/r/rockstar,2t7oi,t5_2t7oi,22634.0
Blizzard,/r/Blizzard,2305,6,Blizzard,https://reddit.com/r/Blizzard,2r21e,t5_2r21e,29831.0
Sega,/r/SEGA,1993,6,SEGA,https://reddit.com/r/SEGA,2rays,t5_2rays,11459.0
Sony,/r/sony,1806,6,sony,https://reddit.com/r/sony,2qr0o,t5_2qr0o,9678.0
Bungie,/r/Bungie,1741,6,Bungie,https://reddit.com/r/Bungie,2rt2w,t5_2rt2w,4093.0
Kairosoft,/r/Kairosoft,1637,6,Kairosoft,https://reddit.com/r/Kairosoft,2t4c3,t5_2t4c3,6077.0
Bethesda Softworks,/r/BethesdaSoftworks,1068,6,BethesdaSoftworks,https://reddit.com/r/BethesdaSoftworks,2tfbo,t5_2tfbo,34681.0
Team Ico,/r/TeamIco,934,6,TeamIco,https://reddit.com/r/TeamIco,2souo,t5_2souo,3157.0
Nippon Ichi Software,/r/nipponichi,888,6,nipponichi,https://reddit.com/r/nipponichi,2s1wd,t5_2s1wd,1830.0
Atari,/r/atari,759,6,atari,https://reddit.com/r/atari,2qlc0,t5_2qlc0,3546.0
Impressions Games,/r/impressionsgames,450,6,impressionsgames,https://reddit.com/r/impressionsgames,2w5k6,t5_2w5k6,1870.0
Mojang Specifications / Mojang AB,/r/mojang,444,6,mojang,https://reddit.com/r/mojang,2s9lu,t5_2s9lu,830.0
Lucasarts,/r/lucasarts,382,6,lucasarts,https://reddit.com/r/lucasarts,2tghi,t5_2tghi,911.0
Double Fine,/r/DOUBLEFINE,277,6,DOUBLEFINE,https://reddit.com/r/DOUBLEFINE,2sujl,t5_2sujl,555.0
Ubisoft,/r/ubisoft,222,6,ubisoft,https://reddit.com/r/ubisoft,2u14q,t5_2u14q,10824.0
Obsidian,/r/obsidian,183,6,obsidian,https://reddit.com/r/obsidian,2snjk,t5_2snjk,2204.0
Platinum Games,/r/platinumgames,139,6,platinumgames,https://reddit.com/r/platinumgames,2tki3,t5_2tki3,400.0
BigBlockGames,/r/BigBlockGames,104,6,BigBlockGames,https://reddit.com/r/BigBlockGames,2su7k,t5_2su7k,100.0
Amanita Design,/r/AmanitaDesign,84,6,AmanitaDesign,https://reddit.com/r/AmanitaDesign,2txzw,t5_2txzw,256.0
Activision,/r/activision,67,6,activision,https://reddit.com/r/activision,2t2e6,t5_2t2e6,993.0
Shiny Loot,/r/shinyloot,64,6,shinyloot,https://reddit.com/r/shinyloot,2wn9q,t5_2wn9q,57.0
SNK Playmore,/r/SNKplaymore,42,6,SNKplaymore,https://reddit.com/r/SNKplaymore,300nh,t5_300nh,250.0
Sierra Entertainment,/r/Sierra,40,6,Sierra,https://reddit.com/r/Sierra,2r12o,t5_2r12o,474.0
Ensemble Studios,/r/Ensemble,33,6,Ensemble,https://reddit.com/r/Ensemble,2wv31,t5_2wv31,41.0
Nordic Games,/r/nordicgames,10,6,nordicgames,https://reddit.com/r/nordicgames,2xbof,t5_2xbof,22.0
Humongous Entertainment,/r/HumongousEnt,9,6,HumongousEnt,https://reddit.com/r/HumongousEnt,30pom,t5_30pom,145.0
Mogeko,/r/mogeko,8,6,mogeko,https://reddit.com/r/mogeko,31hy9,t5_31hy9,724.0
Pluto Games,/r/PlutoGames,4,6,PlutoGames,https://reddit.com/r/PlutoGames,32p94,t5_32p94,14.0
